post_title,post_content,post_status,post_type,sku,regular_price,product_cat,brand,product_url,variant,color,meta:Material,meta:Weight,images,meta:image_1_local_path,meta:additional_image_2,meta:image_2_local_path,meta:additional_image_3,meta:image_3_local_path,meta:additional_image_4,meta:image_4_local_path,meta:additional_image_5,meta:image_5_local_path,meta:import_date,meta:import_source
Endurace AllRoad,"Fietsen van deze categorie zijn geschikt voor verharde wegen waarbij die wielen voortdurend in contact met de ondergrond blijven. Dit zijn meestal racefietsen met racesturen of rechte sturen, triatlon- of tijdritfietsen. Het maximaal toelaatbare totaalgewicht, bestaande uit biker, bagage en fiets mag niet meer dan 120 kg bedragen. Dit maximale toegestane gewicht kan onder bepaalde omstandigheden door de gebruiksaanbevelingen van de fabrikant van de componenten verder worden beperkt. Uitzonderingen in deze categorie zijn bepaalde cyclocross- en gravelfietsen met racestuur en cantilever- of schijfremmen. Deze fietsen zijn ook geschikt voor gravelpaden en offroad-parcoursen waarop de banden door kleine treden of obstakels voor korte tijd contact met de grond verliezen, en dit van 15 tot 20 cm hoog.",publish,product,4164,999.0,Endurance,Canyon,https://www.canyon.com/nl-nl/racefietsen/endurance-racefietsen/endurace/allroad/endurace-allroad/4164.html,,,Aluminium (AL),"10,72 kg",https://www.canyon.com/dw/image/v2/BCML_PRD/on/demandware.static/-/Sites/default/dw919e7355/Splitit.png?sh=32,images/Canyon/Endurace_AllRoad/Splitit.png,https://www.canyon.com/dw/image/v2/BCML_PRD/on/demandware.static/-/Sites-canyon-master/default/dwcf5e15c4/images/top/2025_TOP-2/2025/2025_TOP-2_endurace_all-road-5_4164_R138_P01_tyre-clearance.jpg?sw=504&sh=504&sm=cut&sfrm=jpg&q=80,images/Canyon/Endurace_AllRoad/2025_TOP-2_endurace_all-road-5_4164_R138_P01_tyre-clearance.jpg,https://www.canyon.com/dw/image/v2/BCML_PRD/on/demandware.static/-/Sites-canyon-master/default/dwdc7c280d/images/full/2025_FULL_/2025/2025_FULL_endurace_all-road-5_4164_R138_P01.jpg?sw=448&sh=231&sm=fit&sfrm=png&q=90&bgcolor=F2F2F2,images/Canyon/Endurace_AllRoad/2025_FULL_endurace_all-road-5_4164_R138_P01.jpg,https://www.canyon.com/dw/image/v2/BCML_PRD/on/demandware.static/-/Sites-canyon-master/default/dwdc7c280d/images/full/2025_FULL_/2025/2025_FULL_endurace_all-road-5_4164_R138_P01.jpg?sw=750&sfrm=png&q=90&bgcolor=F2F2F2,images/Canyon/Endurace_AllRoad/2025_FULL_endurace_all-road-5_4164_R138_P01.jpg,https://www.canyon.com/dw/image/v2/BCML_PRD/on/demandware.static/Sites-RoW-Site/-/default/dw69f9d44b/images/pdpModalTrigger/pdpModalTriggerCompare.jpg?sw=632&sh=356&sm=cut,images/Canyon/Endurace_AllRoad/pdpModalTriggerCompare.jpg,2025-07-18 10:58:29,trek_scraper
Ultimate CF 7 Di2,"Fietsen van deze categorie zijn geschikt voor verharde wegen waarbij die wielen voortdurend in contact met de ondergrond blijven. Dit zijn meestal racefietsen met racesturen of rechte sturen, triatlon- of tijdritfietsen. Het maximaal toelaatbare totaalgewicht, bestaande uit biker, bagage en fiets mag niet meer dan 120 kg bedragen. Dit maximale toegestane gewicht kan onder bepaalde omstandigheden door de gebruiksaanbevelingen van de fabrikant van de componenten verder worden beperkt. Uitzonderingen in deze categorie zijn bepaalde cyclocross- en gravelfietsen met racestuur en cantilever- of schijfremmen. Deze fietsen zijn ook geschikt voor gravelpaden en offroad-parcoursen waarop de banden door kleine treden of obstakels voor korte tijd contact met de grond verliezen, en dit van 15 tot 20 cm hoog.",publish,product,4065,3549.0,Race,Canyon,https://www.canyon.com/nl-nl/racefietsen/wielrenfietsen/ultimate/cf-sl/ultimate-cf-7-di2/4065.html?dwvar_4065_pv_rahmenfarbe=R101_P07,,,Carbon (CF),"8,36 kg",https://www.canyon.com/dw/image/v2/BCML_PRD/on/demandware.static/-/Sites/default/dw919e7355/Splitit.png?sh=32,images/Canyon/Ultimate_CF_7_Di2/Splitit.png,https://www.canyon.com/dw/image/v2/BCML_PRD/on/demandware.static/-/Sites-canyon-master/default/dw33e07bb9/images/top/2026_TOP-3/2026/2026_TOP-3_ultimate_cf-sl-7-di2_4065_R101_P07_aero-drops.jpg?sw=504&sh=504&sm=cut&sfrm=jpg&q=80,images/Canyon/Ultimate_CF_7_Di2/2026_TOP-3_ultimate_cf-sl-7-di2_4065_R101_P07_aero-drops.jpg,https://www.canyon.com/dw/image/v2/BCML_PRD/on/demandware.static/Sites-RoW-Site/-/default/dw69f9d44b/images/pdpModalTrigger/pdpModalTriggerCompare.jpg?sw=632&sh=356&sm=cut,images/Canyon/Ultimate_CF_7_Di2/pdpModalTriggerCompare.jpg,https://www.canyon.com/dw/image/v2/BCML_PRD/on/demandware.static/-/Sites-canyon-master/default/dw43a51a30/images/top/2026_TOP-4/2026/2026_TOP-4_ultimate_cf-sl-7-di2_4065_R101_P07_carbon.jpg?sw=504&sh=504&sm=cut&sfrm=jpg&q=80,images/Canyon/Ultimate_CF_7_Di2/2026_TOP-4_ultimate_cf-sl-7-di2_4065_R101_P07_carbon.jpg,https://www.canyon.com/dw/image/v2/BCML_PRD/on/demandware.static/-/Sites-canyon-master/default/dw58b15213/images/full/2026_FULL_/2026/2026_FULL_ultimate_cf-sl-7-di2_4065_R101_P07.jpg?sw=750&sfrm=png&q=90&bgcolor=F2F2F2,images/Canyon/Ultimate_CF_7_Di2/2026_FULL_ultimate_cf-sl-7-di2_4065_R101_P07.jpg,2025-07-18 10:58:29,trek_scraper
Aeroad CFR AXS,"Fietsen van deze categorie zijn geschikt voor verharde wegen waarbij die wielen voortdurend in contact met de ondergrond blijven. Dit zijn meestal racefietsen met racesturen of rechte sturen, triatlon- of tijdritfietsen. Het maximaal toelaatbare totaalgewicht, bestaande uit biker, bagage en fiets mag niet meer dan 120 kg bedragen. Dit maximale toegestane gewicht kan onder bepaalde omstandigheden door de gebruiksaanbevelingen van de fabrikant van de componenten verder worden beperkt. Uitzonderingen in deze categorie zijn bepaalde cyclocross- en gravelfietsen met racestuur en cantilever- of schijfremmen. Deze fietsen zijn ook geschikt voor gravelpaden en offroad-parcoursen waarop de banden door kleine treden of obstakels voor korte tijd contact met de grond verliezen, en dit van 15 tot 20 cm hoog.",publish,product,4040,10149.0,Aero,Canyon,https://www.canyon.com/nl-nl/racefietsen/aero-racefietsen/aeroad/cfr/aeroad-cfr-axs/4040.html?dwvar_4040_pv_rahmenfarbe=R108_P01,,,Carbon (CFR),"6,98 kg",https://www.canyon.com/dw/image/v2/BCML_PRD/on/demandware.static/-/Sites/default/dw919e7355/Splitit.png?sh=32,images/Canyon/Aeroad_CFR_AXS/Splitit.png,https://www.canyon.com/dw/image/v2/BCML_PRD/on/demandware.static/-/Library-Sites-canyon-shared/default/dwe391d685/images/customer-service/road-bikes/MY25_ARD-CFR-Di2_3967_UB.jpg?sw=1080,images/Canyon/Aeroad_CFR_AXS/MY25_ARD-CFR-Di2_3967_UB.jpg,https://www.canyon.com/dw/image/v2/BCML_PRD/on/demandware.static/Sites-RoW-Site/-/default/dw69f9d44b/images/pdpModalTrigger/pdpModalTriggerCompare.jpg?sw=632&sh=356&sm=cut,images/Canyon/Aeroad_CFR_AXS/pdpModalTriggerCompare.jpg,https://www.canyon.com/dw/image/v2/BCML_PRD/on/demandware.static/-/Library-Sites-canyon-shared/default/dw3955df03/images/pdp/brand-highlight-raw-carbon-frames.jpg?sw=513&sh=289&sm=cut&sfrm=jpg&q=80,images/Canyon/Aeroad_CFR_AXS/brand-highlight-raw-carbon-frames.jpg,https://www.canyon.com/dw/image/v2/BCML_PRD/on/demandware.static/-/Library-Sites-canyon-shared/default/dw558d46a3/images/pdp/awards/DI_LogoNEU_2025_pos_RGB.png?sw=180,images/Canyon/Aeroad_CFR_AXS/DI_LogoNEU_2025_pos_RGB.png,2025-07-18 10:58:29,trek_scraper
Aeroad CFR Di2,"Fietsen van deze categorie zijn geschikt voor verharde wegen waarbij die wielen voortdurend in contact met de ondergrond blijven. Dit zijn meestal racefietsen met racesturen of rechte sturen, triatlon- of tijdritfietsen. Het maximaal toelaatbare totaalgewicht, bestaande uit biker, bagage en fiets mag niet meer dan 120 kg bedragen. Dit maximale toegestane gewicht kan onder bepaalde omstandigheden door de gebruiksaanbevelingen van de fabrikant van de componenten verder worden beperkt. Uitzonderingen in deze categorie zijn bepaalde cyclocross- en gravelfietsen met racestuur en cantilever- of schijfremmen. Deze fietsen zijn ook geschikt voor gravelpaden en offroad-parcoursen waarop de banden door kleine treden of obstakels voor korte tijd contact met de grond verliezen, en dit van 15 tot 20 cm hoog.",publish,product,4039,10149.0,Aero,Canyon,https://www.canyon.com/nl-nl/racefietsen/aero-racefietsen/aeroad/cfr/aeroad-cfr-di2/4039.html?dwvar_4039_pv_rahmenfarbe=R108_P01,,,Carbon (CFR),"7,04 kg",https://www.canyon.com/dw/image/v2/BCML_PRD/on/demandware.static/-/Sites/default/dw919e7355/Splitit.png?sh=32,images/Canyon/Aeroad_CFR_Di2/Splitit.png,https://www.canyon.com/dw/image/v2/BCML_PRD/on/demandware.static/-/Library-Sites-canyon-shared/default/dwe391d685/images/customer-service/road-bikes/MY25_ARD-CFR-Di2_3967_UB.jpg?sw=1080,images/Canyon/Aeroad_CFR_Di2/MY25_ARD-CFR-Di2_3967_UB.jpg,https://www.canyon.com/dw/image/v2/BCML_PRD/on/demandware.static/Sites-RoW-Site/-/default/dw69f9d44b/images/pdpModalTrigger/pdpModalTriggerCompare.jpg?sw=632&sh=356&sm=cut,images/Canyon/Aeroad_CFR_Di2/pdpModalTriggerCompare.jpg,https://www.canyon.com/dw/image/v2/BCML_PRD/on/demandware.static/-/Sites-canyon-master/default/dw91ae27ff/images/full/2026_FULL_/2026/2026_FULL_aeroad_cfr-di2_4039_R108_P01.jpg?sw=448&sh=231&sm=fit&sfrm=png&q=90&bgcolor=F2F2F2,images/Canyon/Aeroad_CFR_Di2/2026_FULL_aeroad_cfr-di2_4039_R108_P01.jpg,https://www.canyon.com/dw/image/v2/BCML_PRD/on/demandware.static/-/Library-Sites-canyon-shared/default/dw3955df03/images/pdp/brand-highlight-raw-carbon-frames.jpg?sw=513&sh=289&sm=cut&sfrm=jpg&q=80,images/Canyon/Aeroad_CFR_Di2/brand-highlight-raw-carbon-frames.jpg,2025-07-18 10:58:29,trek_scraper
Ultimate CF 7,"Fietsen van deze categorie zijn geschikt voor verharde wegen waarbij die wielen voortdurend in contact met de ondergrond blijven. Dit zijn meestal racefietsen met racesturen of rechte sturen, triatlon- of tijdritfietsen. Het maximaal toelaatbare totaalgewicht, bestaande uit biker, bagage en fiets mag niet meer dan 120 kg bedragen. Dit maximale toegestane gewicht kan onder bepaalde omstandigheden door de gebruiksaanbevelingen van de fabrikant van de componenten verder worden beperkt. Uitzonderingen in deze categorie zijn bepaalde cyclocross- en gravelfietsen met racestuur en cantilever- of schijfremmen. Deze fietsen zijn ook geschikt voor gravelpaden en offroad-parcoursen waarop de banden door kleine treden of obstakels voor korte tijd contact met de grond verliezen, en dit van 15 tot 20 cm hoog.",publish,product,4063,2549.0,Race,Canyon,https://www.canyon.com/nl-nl/racefietsen/wielrenfietsen/ultimate/cf-sl/ultimate-cf-7/4063.html?dwvar_4063_pv_rahmenfarbe=R101_P06,,,Carbon (CF),"8,68 kg",https://www.canyon.com/dw/image/v2/BCML_PRD/on/demandware.static/-/Sites/default/dw919e7355/Splitit.png?sh=32,images/Canyon/Ultimate_CF_7/Splitit.png,https://www.canyon.com/dw/image/v2/BCML_PRD/on/demandware.static/-/Sites-canyon-master/default/dw81af7ebb/images/top/2026_TOP-5/2026/2026_TOP-5_ultimate_cf-sl-7_4063_R101_P06_aero.jpg?sw=504&sh=504&sm=cut&sfrm=jpg&q=80,images/Canyon/Ultimate_CF_7/2026_TOP-5_ultimate_cf-sl-7_4063_R101_P06_aero.jpg,https://www.canyon.com/dw/image/v2/BCML_PRD/on/demandware.static/-/Sites-canyon-master/default/dwf1c1c152/images/top/2026_TOP-1/2026/2026_TOP-1_ultimate_cf-sl-7_4063_R101_P06_balance.jpg?sw=504&sh=504&sm=cut&sfrm=jpg&q=80,images/Canyon/Ultimate_CF_7/2026_TOP-1_ultimate_cf-sl-7_4063_R101_P06_balance.jpg,https://www.canyon.com/dw/image/v2/BCML_PRD/on/demandware.static/-/Sites-canyon-master/default/dw2b4fa332/images/full/2026_FULL_/2026/2026_FULL_ultimate_cf-sl-7_4063_R101_P06.jpg?sw=750&sfrm=png&q=90&bgcolor=F2F2F2,images/Canyon/Ultimate_CF_7/2026_FULL_ultimate_cf-sl-7_4063_R101_P06.jpg,https://www.canyon.com/dw/image/v2/BCML_PRD/on/demandware.static/Sites-RoW-Site/-/default/dw69f9d44b/images/pdpModalTrigger/pdpModalTriggerCompare.jpg?sw=632&sh=356&sm=cut,images/Canyon/Ultimate_CF_7/pdpModalTriggerCompare.jpg,2025-07-18 10:58:29,trek_scraper
Aeroad CF SLX 7 Di2,"Fietsen van deze categorie zijn geschikt voor verharde wegen waarbij die wielen voortdurend in contact met de ondergrond blijven. Dit zijn meestal racefietsen met racesturen of rechte sturen, triatlon- of tijdritfietsen. Het maximaal toelaatbare totaalgewicht, bestaande uit biker, bagage en fiets mag niet meer dan 120 kg bedragen. Dit maximale toegestane gewicht kan onder bepaalde omstandigheden door de gebruiksaanbevelingen van de fabrikant van de componenten verder worden beperkt. Uitzonderingen in deze categorie zijn bepaalde cyclocross- en gravelfietsen met racestuur en cantilever- of schijfremmen. Deze fietsen zijn ook geschikt voor gravelpaden en offroad-parcoursen waarop de banden door kleine treden of obstakels voor korte tijd contact met de grond verliezen, en dit van 15 tot 20 cm hoog.",publish,product,4034,4249.0,Aero,Canyon,https://www.canyon.com/nl-nl/racefietsen/aero-racefietsen/aeroad/aeroad-cf-slx/aeroad-cf-slx-7-di2/4034.html?dwvar_4034_pv_rahmenfarbe=R107_P07,,,Carbon (CF),"7,84 kg",https://www.canyon.com/dw/image/v2/BCML_PRD/on/demandware.static/-/Library-Sites-canyon-shared/default/dwdf8a8624/images/pdp/road-bikes/Adv-pdp-aeroad-cf-slx-01.jpg?sw=513&sh=289&sm=cut&sfrm=jpg&q=80,images/Canyon/Aeroad_CF_SLX_7_Di2/Adv-pdp-aeroad-cf-slx-01.jpg,https://www.canyon.com/dw/image/v2/BCML_PRD/on/demandware.static/-/Sites/default/dw919e7355/Splitit.png?sh=32,images/Canyon/Aeroad_CF_SLX_7_Di2/Splitit.png,https://www.canyon.com/dw/image/v2/BCML_PRD/on/demandware.static/-/Sites-canyon-master/default/dw40ae5ec2/images/full/2026_FULL_/2026/2026_FULL_aeroad_cf-slx-7-di2_4034_R107_P07.jpg?sw=448&sh=231&sm=fit&sfrm=png&q=90&bgcolor=F2F2F2,images/Canyon/Aeroad_CF_SLX_7_Di2/2026_FULL_aeroad_cf-slx-7-di2_4034_R107_P07.jpg,https://www.canyon.com/dw/image/v2/BCML_PRD/on/demandware.static/-/Sites-canyon-master/default/dw40ae5ec2/images/full/2026_FULL_/2026/2026_FULL_aeroad_cf-slx-7-di2_4034_R107_P07.jpg?sw=750&sfrm=png&q=90&bgcolor=F2F2F2,images/Canyon/Aeroad_CF_SLX_7_Di2/2026_FULL_aeroad_cf-slx-7-di2_4034_R107_P07.jpg,https://www.canyon.com/dw/image/v2/BCML_PRD/on/demandware.static/-/Sites-canyon-master/default/dwaa9dc71b/images/top/2026_TOP-1/2026/2026_TOP-1_aeroad_cf-slx-7-di2_4034_R107_P07_peloton-performance.jpg?sw=504&sh=504&sm=cut&sfrm=jpg&q=80,images/Canyon/Aeroad_CF_SLX_7_Di2/2026_TOP-1_aeroad_cf-slx-7-di2_4034_R107_P07_peloton-performance.jpg,2025-07-18 10:58:29,trek_scraper
Aeroad CF SLX 8 Di2,"Fietsen van deze categorie zijn geschikt voor verharde wegen waarbij die wielen voortdurend in contact met de ondergrond blijven. Dit zijn meestal racefietsen met racesturen of rechte sturen, triatlon- of tijdritfietsen. Het maximaal toelaatbare totaalgewicht, bestaande uit biker, bagage en fiets mag niet meer dan 120 kg bedragen. Dit maximale toegestane gewicht kan onder bepaalde omstandigheden door de gebruiksaanbevelingen van de fabrikant van de componenten verder worden beperkt. Uitzonderingen in deze categorie zijn bepaalde cyclocross- en gravelfietsen met racestuur en cantilever- of schijfremmen. Deze fietsen zijn ook geschikt voor gravelpaden en offroad-parcoursen waarop de banden door kleine treden of obstakels voor korte tijd contact met de grond verliezen, en dit van 15 tot 20 cm hoog.",publish,product,4036,6599.0,Aero,Canyon,https://www.canyon.com/nl-nl/racefietsen/aero-racefietsen/aeroad/aeroad-cf-slx/aeroad-cf-slx-8-di2/4036.html?dwvar_4036_pv_rahmenfarbe=R107_P07,,,Carbon (CF),"7,46 kg",https://www.canyon.com/dw/image/v2/BCML_PRD/on/demandware.static/-/Sites-canyon-master/default/dw267f39eb/images/full/2026_FULL_/2026/2026_FULL_aeroad_cf-slx-8-di2_4036_R107_P07.jpg?sw=750&sfrm=png&q=90&bgcolor=F2F2F2,images/Canyon/Aeroad_CF_SLX_8_Di2/2026_FULL_aeroad_cf-slx-8-di2_4036_R107_P07.jpg,https://www.canyon.com/dw/image/v2/BCML_PRD/on/demandware.static/-/Sites/default/dw919e7355/Splitit.png?sh=32,images/Canyon/Aeroad_CF_SLX_8_Di2/Splitit.png,https://www.canyon.com/dw/image/v2/BCML_PRD/on/demandware.static/-/Library-Sites-canyon-shared/default/dwdf8a8624/images/pdp/road-bikes/Adv-pdp-aeroad-cf-slx-01.jpg?sw=513&sh=289&sm=cut&sfrm=jpg&q=80,images/Canyon/Aeroad_CF_SLX_8_Di2/Adv-pdp-aeroad-cf-slx-01.jpg,https://www.canyon.com/dw/image/v2/BCML_PRD/on/demandware.static/-/Library-Sites-canyon-shared/default/dwe391d685/images/customer-service/road-bikes/MY25_ARD-CFR-Di2_3967_UB.jpg?sw=1080,images/Canyon/Aeroad_CF_SLX_8_Di2/MY25_ARD-CFR-Di2_3967_UB.jpg,https://www.canyon.com/dw/image/v2/BCML_PRD/on/demandware.static/-/Sites-canyon-master/default/dw5fcb9d57/images/top/2026_TOP-6/2026/2026_TOP-6_aeroad_cf-slx-8-di2_4036_R107_P07_integrated-tool.jpg?sw=504&sh=504&sm=cut&sfrm=jpg&q=80,images/Canyon/Aeroad_CF_SLX_8_Di2/2026_TOP-6_aeroad_cf-slx-8-di2_4036_R107_P07_integrated-tool.jpg,2025-07-18 10:58:29,trek_scraper
Aeroad CF SLX 7 AXS SPEED,"Fietsen van deze categorie zijn geschikt voor verharde wegen waarbij die wielen voortdurend in contact met de ondergrond blijven. Dit zijn meestal racefietsen met racesturen of rechte sturen, triatlon- of tijdritfietsen. Het maximaal toelaatbare totaalgewicht, bestaande uit biker, bagage en fiets mag niet meer dan 120 kg bedragen. Dit maximale toegestane gewicht kan onder bepaalde omstandigheden door de gebruiksaanbevelingen van de fabrikant van de componenten verder worden beperkt. Uitzonderingen in deze categorie zijn bepaalde cyclocross- en gravelfietsen met racestuur en cantilever- of schijfremmen. Deze fietsen zijn ook geschikt voor gravelpaden en offroad-parcoursen waarop de banden door kleine treden of obstakels voor korte tijd contact met de grond verliezen, en dit van 15 tot 20 cm hoog.",publish,product,4035,4799.0,Aero,Canyon,https://www.canyon.com/nl-nl/racefietsen/aero-racefietsen/aeroad/aeroad-cf-slx/aeroad-cf-slx-7-axs-speed/4035.html?dwvar_4035_pv_rahmenfarbe=R107_P04,,,Carbon (CF),"7,94 kg",https://www.canyon.com/dw/image/v2/BCML_PRD/on/demandware.static/-/Library-Sites-canyon-shared/default/dwdf8a8624/images/pdp/road-bikes/Adv-pdp-aeroad-cf-slx-01.jpg?sw=513&sh=289&sm=cut&sfrm=jpg&q=80,images/Canyon/Aeroad_CF_SLX_7_AXS_SPEED/Adv-pdp-aeroad-cf-slx-01.jpg,https://www.canyon.com/dw/image/v2/BCML_PRD/on/demandware.static/-/Sites/default/dw919e7355/Splitit.png?sh=32,images/Canyon/Aeroad_CF_SLX_7_AXS_SPEED/Splitit.png,https://www.canyon.com/dw/image/v2/BCML_PRD/on/demandware.static/-/Library-Sites-canyon-shared/default/dwe391d685/images/customer-service/road-bikes/MY25_ARD-CFR-Di2_3967_UB.jpg?sw=1080,images/Canyon/Aeroad_CF_SLX_7_AXS_SPEED/MY25_ARD-CFR-Di2_3967_UB.jpg,https://www.canyon.com/dw/image/v2/BCML_PRD/on/demandware.static/-/Sites-canyon-master/default/dw59ed7562/images/full/2026_FULL_/2026/2026_FULL_aeroad_cf-slx-7-axs_4035_R107_P04.jpg?sw=750&sfrm=png&q=90&bgcolor=F2F2F2,images/Canyon/Aeroad_CF_SLX_7_AXS_SPEED/2026_FULL_aeroad_cf-slx-7-axs_4035_R107_P04.jpg,https://www.canyon.com/dw/image/v2/BCML_PRD/on/demandware.static/-/Sites-canyon-master/default/dw03a953fb/images/top/2026_TOP-1/2026/2026_TOP-1_aeroad_cf-slx-7-axs_4035_R107_P04_peleton-performance.jpg?sw=504&sh=504&sm=cut&sfrm=jpg&q=80,images/Canyon/Aeroad_CF_SLX_7_AXS_SPEED/2026_TOP-1_aeroad_cf-slx-7-axs_4035_R107_P04_peleton-performance.jpg,2025-07-18 10:58:29,trek_scraper
Aeroad CF SLX 8 AXS SPEED,"Fietsen van deze categorie zijn geschikt voor verharde wegen waarbij die wielen voortdurend in contact met de ondergrond blijven. Dit zijn meestal racefietsen met racesturen of rechte sturen, triatlon- of tijdritfietsen. Het maximaal toelaatbare totaalgewicht, bestaande uit biker, bagage en fiets mag niet meer dan 120 kg bedragen. Dit maximale toegestane gewicht kan onder bepaalde omstandigheden door de gebruiksaanbevelingen van de fabrikant van de componenten verder worden beperkt. Uitzonderingen in deze categorie zijn bepaalde cyclocross- en gravelfietsen met racestuur en cantilever- of schijfremmen. Deze fietsen zijn ook geschikt voor gravelpaden en offroad-parcoursen waarop de banden door kleine treden of obstakels voor korte tijd contact met de grond verliezen, en dit van 15 tot 20 cm hoog.",publish,product,4037,7099.0,Aero,Canyon,https://www.canyon.com/nl-nl/racefietsen/aero-racefietsen/aeroad/aeroad-cf-slx/aeroad-cf-slx-8-axs-speed/4037.html?dwvar_4037_pv_rahmenfarbe=R107_P04,,,Carbon (CF),"7,6 kg",https://www.canyon.com/dw/image/v2/BCML_PRD/on/demandware.static/-/Library-Sites-canyon-shared/default/dwdf8a8624/images/pdp/road-bikes/Adv-pdp-aeroad-cf-slx-01.jpg?sw=513&sh=289&sm=cut&sfrm=jpg&q=80,images/Canyon/Aeroad_CF_SLX_8_AXS_SPEED/Adv-pdp-aeroad-cf-slx-01.jpg,https://www.canyon.com/dw/image/v2/BCML_PRD/on/demandware.static/-/Sites/default/dw919e7355/Splitit.png?sh=32,images/Canyon/Aeroad_CF_SLX_8_AXS_SPEED/Splitit.png,https://www.canyon.com/dw/image/v2/BCML_PRD/on/demandware.static/-/Library-Sites-canyon-shared/default/dwe391d685/images/customer-service/road-bikes/MY25_ARD-CFR-Di2_3967_UB.jpg?sw=1080,images/Canyon/Aeroad_CF_SLX_8_AXS_SPEED/MY25_ARD-CFR-Di2_3967_UB.jpg,https://www.canyon.com/dw/image/v2/BCML_PRD/on/demandware.static/Sites-RoW-Site/-/default/dw69f9d44b/images/pdpModalTrigger/pdpModalTriggerCompare.jpg?sw=632&sh=356&sm=cut,images/Canyon/Aeroad_CF_SLX_8_AXS_SPEED/pdpModalTriggerCompare.jpg,https://www.canyon.com/dw/image/v2/BCML_PRD/on/demandware.static/-/Sites-canyon-master/default/dw60dd049c/images/full/2026_FULL_/2026/2026_FULL_aeroad_cf-slx-8-axs_4037_R107_P04.jpg?sw=750&sfrm=png&q=90&bgcolor=F2F2F2,images/Canyon/Aeroad_CF_SLX_8_AXS_SPEED/2026_FULL_aeroad_cf-slx-8-axs_4037_R107_P04.jpg,2025-07-18 10:58:29,trek_scraper
Endurace CF 6,"Fietsen van deze categorie zijn geschikt voor verharde wegen waarbij die wielen voortdurend in contact met de ondergrond blijven. Dit zijn meestal racefietsen met racesturen of rechte sturen, triatlon- of tijdritfietsen. Het maximaal toelaatbare totaalgewicht, bestaande uit biker, bagage en fiets mag niet meer dan 120 kg bedragen. Dit maximale toegestane gewicht kan onder bepaalde omstandigheden door de gebruiksaanbevelingen van de fabrikant van de componenten verder worden beperkt. Uitzonderingen in deze categorie zijn bepaalde cyclocross- en gravelfietsen met racestuur en cantilever- of schijfremmen. Deze fietsen zijn ook geschikt voor gravelpaden en offroad-parcoursen waarop de banden door kleine treden of obstakels voor korte tijd contact met de grond verliezen, en dit van 15 tot 20 cm hoog.",publish,product,4273,1849.0,Endurance,Canyon,https://www.canyon.com/nl-nl/racefietsen/endurance-racefietsen/endurace/cf/endurace-cf-6/4273.html?dwvar_4273_pv_rahmenfarbe=R076_P09,,,Carbon (CF),"9,7 kg",https://www.canyon.com/dw/image/v2/BCML_PRD/on/demandware.static/-/Sites/default/dw919e7355/Splitit.png?sh=32,images/Canyon/Endurace_CF_6/Splitit.png,https://www.canyon.com/dw/image/v2/BCML_PRD/on/demandware.static/Sites-RoW-Site/-/default/dw69f9d44b/images/pdpModalTrigger/pdpModalTriggerCompare.jpg?sw=632&sh=356&sm=cut,images/Canyon/Endurace_CF_6/pdpModalTriggerCompare.jpg,https://www.canyon.com/dw/image/v2/BCML_PRD/on/demandware.static/-/Sites-canyon-master/default/dw29518c6d/images/top/2026_TOP-1/2026/2026_TOP-1_endurace_cf-6_4273_R076_P09_rivets.jpg?sw=504&sh=504&sm=cut&sfrm=jpg&q=80,images/Canyon/Endurace_CF_6/2026_TOP-1_endurace_cf-6_4273_R076_P09_rivets.jpg,https://www.canyon.com/dw/image/v2/BCML_PRD/on/demandware.static/-/Sites-canyon-master/default/dwfd598137/images/full/2026_FULL_/2026/2026_FULL_endurace_cf-6_4273_R076_P09.jpg?sw=750&sfrm=png&q=90&bgcolor=F2F2F2,images/Canyon/Endurace_CF_6/2026_FULL_endurace_cf-6_4273_R076_P09.jpg,https://www.canyon.com/dw/image/v2/BCML_PRD/on/demandware.static/-/Library-Sites-canyon-shared/default/dw558d46a3/images/pdp/awards/DI_LogoNEU_2025_pos_RGB.png?sw=180,images/Canyon/Endurace_CF_6/DI_LogoNEU_2025_pos_RGB.png,2025-07-18 10:58:29,trek_scraper
Speedmax CFR Di2,"Fietsen van deze categorie zijn geschikt voor verharde wegen waarbij die wielen voortdurend in contact met de ondergrond blijven. Dit zijn meestal racefietsen met racesturen of rechte sturen, triatlon- of tijdritfietsen. Het maximaal toelaatbare totaalgewicht, bestaande uit biker, bagage en fiets mag niet meer dan 120 kg bedragen. Dit maximale toegestane gewicht kan onder bepaalde omstandigheden door de gebruiksaanbevelingen van de fabrikant van de componenten verder worden beperkt. Uitzonderingen in deze categorie zijn bepaalde cyclocross- en gravelfietsen met racestuur en cantilever- of schijfremmen. Deze fietsen zijn ook geschikt voor gravelpaden en offroad-parcoursen waarop de banden door kleine treden of obstakels voor korte tijd contact met de grond verliezen, en dit van 15 tot 20 cm hoog.",publish,product,4133,11199.0,Time Trial,Canyon,https://www.canyon.com/nl-nl/racefietsen/triathlon-fietsen/speedmax/cfr/speedmax-cfr-di2/4133.html?dwvar_4133_pv_rahmenfarbe=R085_P16,,,Carbon (CFR),"9,26 kg",https://www.canyon.com/dw/image/v2/BCML_PRD/on/demandware.static/-/Library-Sites-canyon-shared/default/dw8cfa038b/images/customer-service/road-bikes/thumb-speedmax-Unbox-and-assemble-your-Speedmax-CFR-2022.jpg?sw=1080,images/Canyon/Speedmax_CFR_Di2/thumb-speedmax-Unbox-and-assemble-your-Speedmax-CFR-2022.jpg,https://www.canyon.com/dw/image/v2/BCML_PRD/on/demandware.static/-/Sites/default/dw919e7355/Splitit.png?sh=32,images/Canyon/Speedmax_CFR_Di2/Splitit.png,https://www.canyon.com/dw/image/v2/BCML_PRD/on/demandware.static/Sites-RoW-Site/-/default/dw69f9d44b/images/pdpModalTrigger/pdpModalTriggerCompare.jpg?sw=632&sh=356&sm=cut,images/Canyon/Speedmax_CFR_Di2/pdpModalTriggerCompare.jpg,https://www.canyon.com/dw/image/v2/BCML_PRD/on/demandware.static/-/Library-Sites-canyon-shared/default/dwa775a782/images/pdp/road-bikes/brand-canyon-speedmax-cf-slx-MY24-01.jpg?sw=513&sh=289&sm=cut&sfrm=jpg&q=80,images/Canyon/Speedmax_CFR_Di2/brand-canyon-speedmax-cf-slx-MY24-01.jpg,https://www.canyon.com/dw/image/v2/BCML_PRD/on/demandware.static/-/Library-Sites-canyon-shared/default/dw558d46a3/images/pdp/awards/DI_LogoNEU_2025_pos_RGB.png?sw=180,images/Canyon/Speedmax_CFR_Di2/DI_LogoNEU_2025_pos_RGB.png,2025-07-18 10:58:29,trek_scraper
Speedmax CF 7 Di2,"Fietsen van deze categorie zijn geschikt voor verharde wegen waarbij die wielen voortdurend in contact met de ondergrond blijven. Dit zijn meestal racefietsen met racesturen of rechte sturen, triatlon- of tijdritfietsen. Het maximaal toelaatbare totaalgewicht, bestaande uit biker, bagage en fiets mag niet meer dan 120 kg bedragen. Dit maximale toegestane gewicht kan onder bepaalde omstandigheden door de gebruiksaanbevelingen van de fabrikant van de componenten verder worden beperkt. Uitzonderingen in deze categorie zijn bepaalde cyclocross- en gravelfietsen met racestuur en cantilever- of schijfremmen. Deze fietsen zijn ook geschikt voor gravelpaden en offroad-parcoursen waarop de banden door kleine treden of obstakels voor korte tijd contact met de grond verliezen, en dit van 15 tot 20 cm hoog.",publish,product,4454,5099.0,Time Trial,Canyon,https://www.canyon.com/nl-nl/racefietsen/triathlon-fietsen/speedmax/cf/speedmax-cf-7-di2/4454.html?dwvar_4454_pv_rahmenfarbe=R073_P11,,,Carbon (CF),"9,38 kg",https://www.canyon.com/dw/image/v2/BCML_PRD/on/demandware.static/-/Sites/default/dw919e7355/Splitit.png?sh=32,images/Canyon/Speedmax_CF_7_Di2/Splitit.png,https://www.canyon.com/dw/image/v2/BCML_PRD/on/demandware.static/-/Sites-canyon-master/default/dw3f928388/images/top/2026_TOP-1/2026/2026_TOP-1_speedmax_cf-7-di2_4454_R073_P11_carbon-cockpit.jpg?sw=504&sh=504&sm=cut&sfrm=jpg&q=80,images/Canyon/Speedmax_CF_7_Di2/2026_TOP-1_speedmax_cf-7-di2_4454_R073_P11_carbon-cockpit.jpg,https://www.canyon.com/dw/image/v2/BCML_PRD/on/demandware.static/Sites-RoW-Site/-/default/dw69f9d44b/images/pdpModalTrigger/pdpModalTriggerCompare.jpg?sw=632&sh=356&sm=cut,images/Canyon/Speedmax_CF_7_Di2/pdpModalTriggerCompare.jpg,https://www.canyon.com/dw/image/v2/BCML_PRD/on/demandware.static/-/Sites-canyon-master/default/dw980a3f49/images/full/2026_FULL_/2026/2026_FULL_speedmax_cf-7-di2_4454_R073_P11.jpg?sw=448&sh=231&sm=fit&sfrm=png&q=90&bgcolor=F2F2F2,images/Canyon/Speedmax_CF_7_Di2/2026_FULL_speedmax_cf-7-di2_4454_R073_P11.jpg,https://www.canyon.com/dw/image/v2/BCML_PRD/on/demandware.static/-/Sites-canyon-master/default/dw980a3f49/images/full/2026_FULL_/2026/2026_FULL_speedmax_cf-7-di2_4454_R073_P11.jpg?sw=750&sfrm=png&q=90&bgcolor=F2F2F2,images/Canyon/Speedmax_CF_7_Di2/2026_FULL_speedmax_cf-7-di2_4454_R073_P11.jpg,2025-07-18 10:58:29,trek_scraper
Speedmax CF 8 Di2,"Fietsen van deze categorie zijn geschikt voor verharde wegen waarbij die wielen voortdurend in contact met de ondergrond blijven. Dit zijn meestal racefietsen met racesturen of rechte sturen, triatlon- of tijdritfietsen. Het maximaal toelaatbare totaalgewicht, bestaande uit biker, bagage en fiets mag niet meer dan 120 kg bedragen. Dit maximale toegestane gewicht kan onder bepaalde omstandigheden door de gebruiksaanbevelingen van de fabrikant van de componenten verder worden beperkt. Uitzonderingen in deze categorie zijn bepaalde cyclocross- en gravelfietsen met racestuur en cantilever- of schijfremmen. Deze fietsen zijn ook geschikt voor gravelpaden en offroad-parcoursen waarop de banden door kleine treden of obstakels voor korte tijd contact met de grond verliezen, en dit van 15 tot 20 cm hoog.",publish,product,4455,6099.0,Time Trial,Canyon,https://www.canyon.com/nl-nl/racefietsen/triathlon-fietsen/speedmax/cf/speedmax-cf-8-di2/4455.html?dwvar_4455_pv_rahmenfarbe=R073_P11,,,Carbon (CF),"9,12 kg",https://www.canyon.com/dw/image/v2/BCML_PRD/on/demandware.static/-/Sites/default/dw919e7355/Splitit.png?sh=32,images/Canyon/Speedmax_CF_8_Di2/Splitit.png,https://www.canyon.com/dw/image/v2/BCML_PRD/on/demandware.static/-/Sites-canyon-master/default/dw558fa3b7/images/top/2026_TOP-2/2026/2026_TOP-2_speedmax_cf-8-di2_4455_R073_P11_hyrdraton-system.jpg?sw=504&sh=504&sm=cut&sfrm=jpg&q=80,images/Canyon/Speedmax_CF_8_Di2/2026_TOP-2_speedmax_cf-8-di2_4455_R073_P11_hyrdraton-system.jpg,https://www.canyon.com/dw/image/v2/BCML_PRD/on/demandware.static/Sites-RoW-Site/-/default/dw69f9d44b/images/pdpModalTrigger/pdpModalTriggerCompare.jpg?sw=632&sh=356&sm=cut,images/Canyon/Speedmax_CF_8_Di2/pdpModalTriggerCompare.jpg,https://www.canyon.com/dw/image/v2/BCML_PRD/on/demandware.static/-/Sites-canyon-master/default/dw43ca1b39/images/top/2026_TOP-1/2026/2026_TOP-1_speedmax_cf-8-di2_4455_R073_P11_carbon-cockpit.jpg?sw=504&sh=504&sm=cut&sfrm=jpg&q=80,images/Canyon/Speedmax_CF_8_Di2/2026_TOP-1_speedmax_cf-8-di2_4455_R073_P11_carbon-cockpit.jpg,https://www.canyon.com/dw/image/v2/BCML_PRD/on/demandware.static/-/Sites-canyon-master/default/dwd8450547/images/full/2026_FULL_/2026/2026_FULL_speedmax_cf-8-di2_4455_R073_P11.jpg?sw=448&sh=231&sm=fit&sfrm=png&q=90&bgcolor=F2F2F2,images/Canyon/Speedmax_CF_8_Di2/2026_FULL_speedmax_cf-8-di2_4455_R073_P11.jpg,2025-07-18 10:58:29,trek_scraper
Aeroad CFR Tensor,"Fietsen van deze categorie zijn geschikt voor verharde wegen waarbij die wielen voortdurend in contact met de ondergrond blijven. Dit zijn meestal racefietsen met racesturen of rechte sturen, triatlon- of tijdritfietsen. Het maximaal toelaatbare totaalgewicht, bestaande uit biker, bagage en fiets mag niet meer dan 120 kg bedragen. Dit maximale toegestane gewicht kan onder bepaalde omstandigheden door de gebruiksaanbevelingen van de fabrikant van de componenten verder worden beperkt. Uitzonderingen in deze categorie zijn bepaalde cyclocross- en gravelfietsen met racestuur en cantilever- of schijfremmen. Deze fietsen zijn ook geschikt voor gravelpaden en offroad-parcoursen waarop de banden door kleine treden of obstakels voor korte tijd contact met de grond verliezen, en dit van 15 tot 20 cm hoog.",publish,product,3969,10699.0,Aero,Canyon,https://www.canyon.com/nl-nl/racefietsen/aero-racefietsen/aeroad/cfr/aeroad-cfr-tensor/3969.html?dwvar_3969_pv_rahmenfarbe=R108_P05,,,Carbon (CFR),"7,36 kg",https://www.canyon.com/dw/image/v2/BCML_PRD/on/demandware.static/-/Sites/default/dw919e7355/Splitit.png?sh=32,images/Canyon/Aeroad_CFR_Tensor/Splitit.png,https://www.canyon.com/dw/image/v2/BCML_PRD/on/demandware.static/-/Library-Sites-canyon-shared/default/dwe391d685/images/customer-service/road-bikes/MY25_ARD-CFR-Di2_3967_UB.jpg?sw=1080,images/Canyon/Aeroad_CFR_Tensor/MY25_ARD-CFR-Di2_3967_UB.jpg,https://www.canyon.com/dw/image/v2/BCML_PRD/on/demandware.static/Sites-RoW-Site/-/default/dw69f9d44b/images/pdpModalTrigger/pdpModalTriggerCompare.jpg?sw=632&sh=356&sm=cut,images/Canyon/Aeroad_CFR_Tensor/pdpModalTriggerCompare.jpg,https://www.canyon.com/dw/image/v2/BCML_PRD/on/demandware.static/-/Library-Sites-canyon-shared/default/dw558d46a3/images/pdp/awards/DI_LogoNEU_2025_pos_RGB.png?sw=180,images/Canyon/Aeroad_CFR_Tensor/DI_LogoNEU_2025_pos_RGB.png,https://www.canyon.com/dw/image/v2/BCML_PRD/on/demandware.static/-/Sites-canyon-master/default/dwe35a2604/images/full/2025_FULL_/2025/2025_FULL_aeroad_cfr-mvdp_3969_R108_P05.jpg?sw=448&sh=231&sm=fit&sfrm=png&q=90&bgcolor=F2F2F2,images/Canyon/Aeroad_CFR_Tensor/2025_FULL_aeroad_cfr-mvdp_3969_R108_P05.jpg,2025-07-18 10:58:29,trek_scraper
Ultimate CFR Di2,"Fietsen van deze categorie zijn geschikt voor verharde wegen waarbij die wielen voortdurend in contact met de ondergrond blijven. Dit zijn meestal racefietsen met racesturen of rechte sturen, triatlon- of tijdritfietsen. Het maximaal toelaatbare totaalgewicht, bestaande uit biker, bagage en fiets mag niet meer dan 120 kg bedragen. Dit maximale toegestane gewicht kan onder bepaalde omstandigheden door de gebruiksaanbevelingen van de fabrikant van de componenten verder worden beperkt. Uitzonderingen in deze categorie zijn bepaalde cyclocross- en gravelfietsen met racestuur en cantilever- of schijfremmen. Deze fietsen zijn ook geschikt voor gravelpaden en offroad-parcoursen waarop de banden door kleine treden of obstakels voor korte tijd contact met de grond verliezen, en dit van 15 tot 20 cm hoog.",publish,product,3859,8629.0,Race,Canyon,https://www.canyon.com/nl-nl/racefietsen/wielrenfietsen/ultimate/cfr/ultimate-cfr-di2/3859.html?dwvar_3859_pv_rahmenfarbe=R102_P05,,,Carbon (CFR),"6,76 kg",https://www.canyon.com/dw/image/v2/BCML_PRD/on/demandware.static/-/Sites/default/dw919e7355/Splitit.png?sh=32,images/Canyon/Ultimate_CFR_Di2/Splitit.png,https://www.canyon.com/dw/image/v2/BCML_PRD/on/demandware.static/Sites-RoW-Site/-/default/dw69f9d44b/images/pdpModalTrigger/pdpModalTriggerCompare.jpg?sw=632&sh=356&sm=cut,images/Canyon/Ultimate_CFR_Di2/pdpModalTriggerCompare.jpg,https://www.canyon.com/dw/image/v2/BCML_PRD/on/demandware.static/-/Library-Sites-canyon-shared/default/dw609fab0f/images/pdp/Adv-pdp-ultimate-CFR-di2-1.jpg?sw=513&sh=289&sm=cut&sfrm=jpg&q=80,images/Canyon/Ultimate_CFR_Di2/Adv-pdp-ultimate-CFR-di2-1.jpg,https://www.canyon.com/dw/image/v2/BCML_PRD/on/demandware.static/-/Library-Sites-canyon-shared/default/dw5783cda7/images/customer-service/road-bikes/unbox-and-assemble-your-ultimate-2023.jpg?sw=1080,images/Canyon/Ultimate_CFR_Di2/unbox-and-assemble-your-ultimate-2023.jpg,https://www.canyon.com/dw/image/v2/BCML_PRD/on/demandware.static/-/Library-Sites-canyon-shared/default/dw3955df03/images/pdp/brand-highlight-raw-carbon-frames.jpg?sw=513&sh=289&sm=cut&sfrm=jpg&q=80,images/Canyon/Ultimate_CFR_Di2/brand-highlight-raw-carbon-frames.jpg,2025-07-18 10:58:29,trek_scraper
Speedmax CF SLX 8 Di2,"Fietsen van deze categorie zijn geschikt voor verharde wegen waarbij die wielen voortdurend in contact met de ondergrond blijven. Dit zijn meestal racefietsen met racesturen of rechte sturen, triatlon- of tijdritfietsen. Het maximaal toelaatbare totaalgewicht, bestaande uit biker, bagage en fiets mag niet meer dan 120 kg bedragen. Dit maximale toegestane gewicht kan onder bepaalde omstandigheden door de gebruiksaanbevelingen van de fabrikant van de componenten verder worden beperkt. Uitzonderingen in deze categorie zijn bepaalde cyclocross- en gravelfietsen met racestuur en cantilever- of schijfremmen. Deze fietsen zijn ook geschikt voor gravelpaden en offroad-parcoursen waarop de banden door kleine treden of obstakels voor korte tijd contact met de grond verliezen, en dit van 15 tot 20 cm hoog.",publish,product,4135,8649.0,Time Trial,Canyon,https://www.canyon.com/nl-nl/racefietsen/triathlon-fietsen/speedmax/cf-slx/speedmax-cf-slx-8-di2/4135.html?dwvar_4135_pv_rahmenfarbe=R091_P14,,,Carbon (CF),"9,22 kg",https://www.canyon.com/dw/image/v2/BCML_PRD/on/demandware.static/-/Sites-canyon-master/default/dwa5356b55/images/full/2026_FULL_/2026/2026_FULL_speedmax_cf-slx-8-di2_4135_R091_P14.jpg?sw=448&sh=231&sm=fit&sfrm=png&q=90&bgcolor=F2F2F2,images/Canyon/Speedmax_CF_SLX_8_Di2/2026_FULL_speedmax_cf-slx-8-di2_4135_R091_P14.jpg,https://www.canyon.com/dw/image/v2/BCML_PRD/on/demandware.static/-/Sites/default/dw919e7355/Splitit.png?sh=32,images/Canyon/Speedmax_CF_SLX_8_Di2/Splitit.png,https://www.canyon.com/dw/image/v2/BCML_PRD/on/demandware.static/-/Sites-canyon-master/default/dwbdc4fd8b/images/top/2026_TOP-2/2026/2026_TOP-2_speedmax_cf-slx-8-di2_4135_R091_P14_race-ready.jpg?sw=504&sh=504&sm=cut&sfrm=jpg&q=80,images/Canyon/Speedmax_CF_SLX_8_Di2/2026_TOP-2_speedmax_cf-slx-8-di2_4135_R091_P14_race-ready.jpg,https://www.canyon.com/dw/image/v2/BCML_PRD/on/demandware.static/-/Library-Sites-canyon-shared/default/dw8cfa038b/images/customer-service/road-bikes/thumb-speedmax-Unbox-and-assemble-your-Speedmax-CFR-2022.jpg?sw=1080,images/Canyon/Speedmax_CF_SLX_8_Di2/thumb-speedmax-Unbox-and-assemble-your-Speedmax-CFR-2022.jpg,https://www.canyon.com/dw/image/v2/BCML_PRD/on/demandware.static/-/Sites-canyon-master/default/dw6dbbf10e/images/top/2026_TOP-3/2026/2026_TOP-3_speedmax_cf-slx-8-di2_4135_R091_P14_seatstay.jpg?sw=504&sh=504&sm=cut&sfrm=jpg&q=80,images/Canyon/Speedmax_CF_SLX_8_Di2/2026_TOP-3_speedmax_cf-slx-8-di2_4135_R091_P14_seatstay.jpg,2025-07-18 10:58:29,trek_scraper
Endurace CF 7 Di2,"Fietsen van deze categorie zijn geschikt voor verharde wegen waarbij die wielen voortdurend in contact met de ondergrond blijven. Dit zijn meestal racefietsen met racesturen of rechte sturen, triatlon- of tijdritfietsen. Het maximaal toelaatbare totaalgewicht, bestaande uit biker, bagage en fiets mag niet meer dan 120 kg bedragen. Dit maximale toegestane gewicht kan onder bepaalde omstandigheden door de gebruiksaanbevelingen van de fabrikant van de componenten verder worden beperkt. Uitzonderingen in deze categorie zijn bepaalde cyclocross- en gravelfietsen met racestuur en cantilever- of schijfremmen. Deze fietsen zijn ook geschikt voor gravelpaden en offroad-parcoursen waarop de banden door kleine treden of obstakels voor korte tijd contact met de grond verliezen, en dit van 15 tot 20 cm hoog.",publish,product,4275,3049.0,Endurance,Canyon,https://www.canyon.com/nl-nl/racefietsen/endurance-racefietsen/endurace/cf/endurace-cf-7-di2/4275.html?dwvar_4275_pv_rahmenfarbe=R076_P09,,,Carbon (CF),"8,6 kg",https://www.canyon.com/dw/image/v2/BCML_PRD/on/demandware.static/-/Sites/default/dw919e7355/Splitit.png?sh=32,images/Canyon/Endurace_CF_7_Di2/Splitit.png,https://www.canyon.com/dw/image/v2/BCML_PRD/on/demandware.static/-/Sites-canyon-master/default/dw15d408d5/images/top/2026_TOP-3/2026/2026_TOP-3_endurace_cf-7-di2_4275_R076_P09_cable-integration.jpg?sw=504&sh=504&sm=cut&sfrm=jpg&q=80,images/Canyon/Endurace_CF_7_Di2/2026_TOP-3_endurace_cf-7-di2_4275_R076_P09_cable-integration.jpg,https://www.canyon.com/dw/image/v2/BCML_PRD/on/demandware.static/-/Sites-canyon-master/default/dw31e562ad/images/full/2026_FULL_/2026/2026_FULL_endurace_cf-7-di2_4275_R076_P09.jpg?sw=750&sfrm=png&q=90&bgcolor=F2F2F2,images/Canyon/Endurace_CF_7_Di2/2026_FULL_endurace_cf-7-di2_4275_R076_P09.jpg,https://www.canyon.com/dw/image/v2/BCML_PRD/on/demandware.static/-/Sites-canyon-master/default/dw4e028305/images/top/2026_TOP-4/2026/2026_TOP-4_endurace_cf-7-di2_4275_R076_P09_seatpost.jpg?sw=504&sh=504&sm=cut&sfrm=jpg&q=80,images/Canyon/Endurace_CF_7_Di2/2026_TOP-4_endurace_cf-7-di2_4275_R076_P09_seatpost.jpg,https://www.canyon.com/dw/image/v2/BCML_PRD/on/demandware.static/Sites-RoW-Site/-/default/dw69f9d44b/images/pdpModalTrigger/pdpModalTriggerCompare.jpg?sw=632&sh=356&sm=cut,images/Canyon/Endurace_CF_7_Di2/pdpModalTriggerCompare.jpg,2025-07-18 10:58:29,trek_scraper
Endurace CF 7,"Fietsen van deze categorie zijn geschikt voor verharde wegen waarbij die wielen voortdurend in contact met de ondergrond blijven. Dit zijn meestal racefietsen met racesturen of rechte sturen, triatlon- of tijdritfietsen. Het maximaal toelaatbare totaalgewicht, bestaande uit biker, bagage en fiets mag niet meer dan 120 kg bedragen. Dit maximale toegestane gewicht kan onder bepaalde omstandigheden door de gebruiksaanbevelingen van de fabrikant van de componenten verder worden beperkt. Uitzonderingen in deze categorie zijn bepaalde cyclocross- en gravelfietsen met racestuur en cantilever- of schijfremmen. Deze fietsen zijn ook geschikt voor gravelpaden en offroad-parcoursen waarop de banden door kleine treden of obstakels voor korte tijd contact met de grond verliezen, en dit van 15 tot 20 cm hoog.",publish,product,4274,2349.0,Endurance,Canyon,https://www.canyon.com/nl-nl/racefietsen/endurance-racefietsen/endurace/cf/endurace-cf-7/4274.html?dwvar_4274_pv_rahmenfarbe=R076_P10,,,Carbon (CF),"8,82 kg",https://www.canyon.com/dw/image/v2/BCML_PRD/on/demandware.static/-/Sites/default/dw919e7355/Splitit.png?sh=32,images/Canyon/Endurace_CF_7/Splitit.png,https://www.canyon.com/dw/image/v2/BCML_PRD/on/demandware.static/-/Sites-canyon-master/default/dw109acd1f/images/top/2026_TOP-2/2026/2026_TOP-2_endurace_cf-7_4274_R076_P10_carbon.jpg?sw=504&sh=504&sm=cut&sfrm=jpg&q=80,images/Canyon/Endurace_CF_7/2026_TOP-2_endurace_cf-7_4274_R076_P10_carbon.jpg,https://www.canyon.com/dw/image/v2/BCML_PRD/on/demandware.static/Sites-RoW-Site/-/default/dw69f9d44b/images/pdpModalTrigger/pdpModalTriggerCompare.jpg?sw=632&sh=356&sm=cut,images/Canyon/Endurace_CF_7/pdpModalTriggerCompare.jpg,https://www.canyon.com/dw/image/v2/BCML_PRD/on/demandware.static/-/Sites-canyon-master/default/dw48626c02/images/full/2026_FULL_/2026/2026_FULL_endurace_cf-7_4274_R076_P10.jpg?sw=448&sh=231&sm=fit&sfrm=png&q=90&bgcolor=F2F2F2,images/Canyon/Endurace_CF_7/2026_FULL_endurace_cf-7_4274_R076_P10.jpg,https://www.canyon.com/dw/image/v2/BCML_PRD/on/demandware.static/-/Sites-canyon-master/default/dw48626c02/images/full/2026_FULL_/2026/2026_FULL_endurace_cf-7_4274_R076_P10.jpg?sw=750&sfrm=png&q=90&bgcolor=F2F2F2,images/Canyon/Endurace_CF_7/2026_FULL_endurace_cf-7_4274_R076_P10.jpg,2025-07-18 10:58:29,trek_scraper
Ultimate CF SLX 8 Di2,"Fietsen van deze categorie zijn geschikt voor verharde wegen waarbij die wielen voortdurend in contact met de ondergrond blijven. Dit zijn meestal racefietsen met racesturen of rechte sturen, triatlon- of tijdritfietsen. Het maximaal toelaatbare totaalgewicht, bestaande uit biker, bagage en fiets mag niet meer dan 120 kg bedragen. Dit maximale toegestane gewicht kan onder bepaalde omstandigheden door de gebruiksaanbevelingen van de fabrikant van de componenten verder worden beperkt. Uitzonderingen in deze categorie zijn bepaalde cyclocross- en gravelfietsen met racestuur en cantilever- of schijfremmen. Deze fietsen zijn ook geschikt voor gravelpaden en offroad-parcoursen waarop de banden door kleine treden of obstakels voor korte tijd contact met de grond verliezen, en dit van 15 tot 20 cm hoog.",publish,product,4066,6099.0,Race,Canyon,https://www.canyon.com/nl-nl/racefietsen/wielrenfietsen/ultimate/cf-slx/ultimate-cf-slx-8-di2/4066.html?dwvar_4066_pv_rahmenfarbe=R100_P08,,,Carbon (CF),"7,28 kg",https://www.canyon.com/dw/image/v2/BCML_PRD/on/demandware.static/-/Sites-canyon-master/default/dwff050f84/images/top/2026_TOP-1/2026/2026_TOP-1_ultimate_cf-slx-8-di2_4066_R100_P08_carbon.jpg?sw=504&sh=504&sm=cut&sfrm=jpg&q=80,images/Canyon/Ultimate_CF_SLX_8_Di2/2026_TOP-1_ultimate_cf-slx-8-di2_4066_R100_P08_carbon.jpg,https://www.canyon.com/dw/image/v2/BCML_PRD/on/demandware.static/-/Sites/default/dw919e7355/Splitit.png?sh=32,images/Canyon/Ultimate_CF_SLX_8_Di2/Splitit.png,https://www.canyon.com/dw/image/v2/BCML_PRD/on/demandware.static/-/Sites-canyon-master/default/dw4eb44ea5/images/top/2026_TOP-6/2026/2026_TOP-6_ultimate_cf-slx-8-di2_4066_R100_P08_tx25.jpg?sw=504&sh=504&sm=cut&sfrm=jpg&q=80,images/Canyon/Ultimate_CF_SLX_8_Di2/2026_TOP-6_ultimate_cf-slx-8-di2_4066_R100_P08_tx25.jpg,https://www.canyon.com/dw/image/v2/BCML_PRD/on/demandware.static/-/Sites-canyon-master/default/dw9a6087de/images/full/2026_FULL_/2026/2026_FULL_ultimate_cf-slx-8-di2_4066_R100_P08.jpg?sw=448&sh=231&sm=fit&sfrm=png&q=90&bgcolor=F2F2F2,images/Canyon/Ultimate_CF_SLX_8_Di2/2026_FULL_ultimate_cf-slx-8-di2_4066_R100_P08.jpg,https://www.canyon.com/dw/image/v2/BCML_PRD/on/demandware.static/Sites-RoW-Site/-/default/dw69f9d44b/images/pdpModalTrigger/pdpModalTriggerCompare.jpg?sw=632&sh=356&sm=cut,images/Canyon/Ultimate_CF_SLX_8_Di2/pdpModalTriggerCompare.jpg,2025-07-18 10:58:29,trek_scraper
Endurace Young Hero,"Fietsen van deze categorie zijn geschikt voor verharde wegen waarbij die wielen voortdurend in contact met de ondergrond blijven. Dit zijn meestal racefietsen met racesturen of rechte sturen, triatlon- of tijdritfietsen. Het maximaal toelaatbare totaalgewicht, bestaande uit biker, bagage en fiets mag niet meer dan 120 kg bedragen. Dit maximale toegestane gewicht kan onder bepaalde omstandigheden door de gebruiksaanbevelingen van de fabrikant van de componenten verder worden beperkt. Uitzonderingen in deze categorie zijn bepaalde cyclocross- en gravelfietsen met racestuur en cantilever- of schijfremmen. Deze fietsen zijn ook geschikt voor gravelpaden en offroad-parcoursen waarop de banden door kleine treden of obstakels voor korte tijd contact met de grond verliezen, en dit van 15 tot 20 cm hoog.",publish,product,4285,1299.0,Endurance,Canyon,https://www.canyon.com/nl-nl/racefietsen/youth-kids/road-youth-endurace/endurace-young-hero/4285.html?dwvar_4285_pv_rahmenfarbe=R074_P90,,,Aluminium (AL),"9,48 kg",https://www.canyon.com/dw/image/v2/BCML_PRD/on/demandware.static/-/Sites/default/dw919e7355/Splitit.png?sh=32,images/Canyon/Endurace_Young_Hero/Splitit.png,https://www.canyon.com/dw/image/v2/BCML_PRD/on/demandware.static/Sites-RoW-Site/-/default/dw69f9d44b/images/pdpModalTrigger/pdpModalTriggerCompare.jpg?sw=632&sh=356&sm=cut,images/Canyon/Endurace_Young_Hero/pdpModalTriggerCompare.jpg,https://www.canyon.com/dw/image/v2/BCML_PRD/on/demandware.static/-/Sites-canyon-master/default/dw75a729e5/images/top/2026_TOP-3/2026/2026_TOP-3_endurace_yh_4285_R074_P90_frame.jpg?sw=504&sh=504&sm=cut&sfrm=jpg&q=80,images/Canyon/Endurace_Young_Hero/2026_TOP-3_endurace_yh_4285_R074_P90_frame.jpg,https://www.canyon.com/dw/image/v2/BCML_PRD/on/demandware.static/-/Sites-canyon-master/default/dw5a72e851/images/top/2026_TOP-2/2026/2026_TOP-2_endurace_yh_4285_R074_P90_front-triangle.jpg?sw=504&sh=504&sm=cut&sfrm=jpg&q=80,images/Canyon/Endurace_Young_Hero/2026_TOP-2_endurace_yh_4285_R074_P90_front-triangle.jpg,https://www.canyon.com/dw/image/v2/BCML_PRD/on/demandware.static/-/Sites-canyon-master/default/dw343b7c94/images/top/2026_TOP-1/2026/2026_TOP-1_endurace_yh_4285_R074_P90_cf.jpg?sw=504&sh=504&sm=cut&sfrm=jpg&q=80,images/Canyon/Endurace_Young_Hero/2026_TOP-1_endurace_yh_4285_R074_P90_cf.jpg,2025-07-18 10:58:29,trek_scraper
Ultimate CFR AXS,"Fietsen van deze categorie zijn geschikt voor verharde wegen waarbij die wielen voortdurend in contact met de ondergrond blijven. Dit zijn meestal racefietsen met racesturen of rechte sturen, triatlon- of tijdritfietsen. Het maximaal toelaatbare totaalgewicht, bestaande uit biker, bagage en fiets mag niet meer dan 120 kg bedragen. Dit maximale toegestane gewicht kan onder bepaalde omstandigheden door de gebruiksaanbevelingen van de fabrikant van de componenten verder worden beperkt. Uitzonderingen in deze categorie zijn bepaalde cyclocross- en gravelfietsen met racestuur en cantilever- of schijfremmen. Deze fietsen zijn ook geschikt voor gravelpaden en offroad-parcoursen waarop de banden door kleine treden of obstakels voor korte tijd contact met de grond verliezen, en dit van 15 tot 20 cm hoog.",publish,product,4071,10149.0,Race,Canyon,https://www.canyon.com/nl-nl/racefietsen/wielrenfietsen/ultimate/cfr/ultimate-cfr-axs/4071.html?dwvar_4071_pv_rahmenfarbe=R102_P09,,,Carbon (CFR),"6,78 kg",https://www.canyon.com/dw/image/v2/BCML_PRD/on/demandware.static/-/Sites/default/dw919e7355/Splitit.png?sh=32,images/Canyon/Ultimate_CFR_AXS/Splitit.png,https://www.canyon.com/dw/image/v2/BCML_PRD/on/demandware.static/Sites-RoW-Site/-/default/dw69f9d44b/images/pdpModalTrigger/pdpModalTriggerCompare.jpg?sw=632&sh=356&sm=cut,images/Canyon/Ultimate_CFR_AXS/pdpModalTriggerCompare.jpg,https://www.canyon.com/dw/image/v2/BCML_PRD/on/demandware.static/-/Library-Sites-canyon-shared/default/dw609fab0f/images/pdp/Adv-pdp-ultimate-CFR-di2-1.jpg?sw=513&sh=289&sm=cut&sfrm=jpg&q=80,images/Canyon/Ultimate_CFR_AXS/Adv-pdp-ultimate-CFR-di2-1.jpg,https://www.canyon.com/dw/image/v2/BCML_PRD/on/demandware.static/-/Sites-canyon-master/default/dwfe3a744b/images/full/2026_FULL_/2026/2026_FULL_ultimate_cfr-axs_4071_R102_P09.jpg?sw=448&sh=231&sm=fit&sfrm=png&q=90&bgcolor=F2F2F2,images/Canyon/Ultimate_CFR_AXS/2026_FULL_ultimate_cfr-axs_4071_R102_P09.jpg,https://www.canyon.com/dw/image/v2/BCML_PRD/on/demandware.static/-/Library-Sites-canyon-shared/default/dw5783cda7/images/customer-service/road-bikes/unbox-and-assemble-your-ultimate-2023.jpg?sw=1080,images/Canyon/Ultimate_CFR_AXS/unbox-and-assemble-your-ultimate-2023.jpg,2025-07-18 10:58:29,trek_scraper
Inflite CF SL 6,"Fietsen van deze categorie zijn geschikt voor verharde wegen waarbij die wielen voortdurend in contact met de ondergrond blijven. Dit zijn meestal racefietsen met racesturen of rechte sturen, triatlon- of tijdritfietsen. Het maximaal toelaatbare totaalgewicht, bestaande uit biker, bagage en fiets mag niet meer dan 120 kg bedragen. Dit maximale toegestane gewicht kan onder bepaalde omstandigheden door de gebruiksaanbevelingen van de fabrikant van de componenten verder worden beperkt. Uitzonderingen in deze categorie zijn bepaalde cyclocross- en gravelfietsen met racestuur en cantilever- of schijfremmen. Deze fietsen zijn ook geschikt voor gravelpaden en offroad-parcoursen waarop de banden door kleine treden of obstakels voor korte tijd contact met de grond verliezen, en dit van 15 tot 20 cm hoog.",publish,product,3843,3049.0,Cyclocross,Canyon,https://www.canyon.com/nl-nl/racefietsen/cyclocross-fietsen/inflite/cf-sl/inflite-cf-sl-6/3843.html?dwvar_3843_pv_rahmenfarbe=R063_P26,,,Carbon (CF),"8,62 kg",https://www.canyon.com/dw/image/v2/BCML_PRD/on/demandware.static/-/Sites-canyon-master/default/dw9ffe3211/images/full/full_2025_/2024/full_2025_3843_inflite-cf-sl-6_R063-02_P26_P5.jpg?sw=448&sh=231&sm=fit&sfrm=png&q=90&bgcolor=F2F2F2,images/Canyon/Inflite_CF_SL_6/full_2025_3843_inflite-cf-sl-6_R063-02_P26_P5.jpg,https://www.canyon.com/dw/image/v2/BCML_PRD/on/demandware.static/-/Sites/default/dw919e7355/Splitit.png?sh=32,images/Canyon/Inflite_CF_SL_6/Splitit.png,https://www.canyon.com/dw/image/v2/BCML_PRD/on/demandware.static/-/Sites-canyon-master/default/dwa3eff3d3/images/top/3843_TOP-3/2024/3843_TOP-3_inflite-cf-sl-6_R063-02_P26_mud-surface.jpg?sw=504&sh=504&sm=cut&sfrm=jpg&q=80,images/Canyon/Inflite_CF_SL_6/3843_TOP-3_inflite-cf-sl-6_R063-02_P26_mud-surface.jpg,https://www.canyon.com/dw/image/v2/BCML_PRD/on/demandware.static/Sites-RoW-Site/-/default/dw69f9d44b/images/pdpModalTrigger/pdpModalTriggerCompare.jpg?sw=632&sh=356&sm=cut,images/Canyon/Inflite_CF_SL_6/pdpModalTriggerCompare.jpg,https://www.canyon.com/dw/image/v2/BCML_PRD/on/demandware.static/-/Library-Sites-canyon-shared/default/dwbbaff306/images/customer-service/road-bikes/Unboxing-inflite-my24-cfr.jpg?sw=1080,images/Canyon/Inflite_CF_SL_6/Unboxing-inflite-my24-cfr.jpg,2025-07-18 10:58:29,trek_scraper
Ultimate CF Young Hero,"Fietsen van deze categorie zijn geschikt voor verharde wegen waarbij die wielen voortdurend in contact met de ondergrond blijven. Dit zijn meestal racefietsen met racesturen of rechte sturen, triatlon- of tijdritfietsen. Het maximaal toelaatbare totaalgewicht, bestaande uit biker, bagage en fiets mag niet meer dan 120 kg bedragen. Dit maximale toegestane gewicht kan onder bepaalde omstandigheden door de gebruiksaanbevelingen van de fabrikant van de componenten verder worden beperkt. Uitzonderingen in deze categorie zijn bepaalde cyclocross- en gravelfietsen met racestuur en cantilever- of schijfremmen. Deze fietsen zijn ook geschikt voor gravelpaden en offroad-parcoursen waarop de banden door kleine treden of obstakels voor korte tijd contact met de grond verliezen, en dit van 15 tot 20 cm hoog.",publish,product,4284,2049.0,Race,Canyon,https://www.canyon.com/nl-nl/racefietsen/wielrenfietsen/ultimate/cf-sl/ultimate-cf-young-hero/4284.html?dwvar_4284_pv_rahmenfarbe=R101_P90,,,Carbon (CF),"8,32 kg",https://www.canyon.com/dw/image/v2/BCML_PRD/on/demandware.static/-/Sites/default/dw919e7355/Splitit.png?sh=32,images/Canyon/Ultimate_CF_Young_Hero/Splitit.png,https://www.canyon.com/dw/image/v2/BCML_PRD/on/demandware.static/-/Sites-canyon-master/default/dw196dec06/images/top/2026_TOP-2/2026/2026_TOP-2_ultimate_cf-yh_4284_R101_P90_front-triangle.jpg?sw=504&sh=504&sm=cut&sfrm=png&q=80,images/Canyon/Ultimate_CF_Young_Hero/2026_TOP-2_ultimate_cf-yh_4284_R101_P90_front-triangle.jpg,https://www.canyon.com/dw/image/v2/BCML_PRD/on/demandware.static/-/Sites-canyon-master/default/dweba91ef3/images/full/2026_FULL_/2026/2026_FULL_ultimate_cf-yh_4284_R101_P90.jpg?sw=750&sfrm=png&q=90&bgcolor=F2F2F2,images/Canyon/Ultimate_CF_Young_Hero/2026_FULL_ultimate_cf-yh_4284_R101_P90.jpg,https://www.canyon.com/dw/image/v2/BCML_PRD/on/demandware.static/Sites-RoW-Site/-/default/dw69f9d44b/images/pdpModalTrigger/pdpModalTriggerCompare.jpg?sw=632&sh=356&sm=cut,images/Canyon/Ultimate_CF_Young_Hero/pdpModalTriggerCompare.jpg,https://www.canyon.com/dw/image/v2/BCML_PRD/on/demandware.static/-/Sites-canyon-master/default/dw1e1fa971/images/top/2026_TOP-3/2026/2026_TOP-3_ultimate_cf-yh_4284_R101_P90_frame.jpg?sw=504&sh=504&sm=cut&sfrm=jpg&q=80,images/Canyon/Ultimate_CF_Young_Hero/2026_TOP-3_ultimate_cf-yh_4284_R101_P90_frame.jpg,2025-07-18 10:58:29,trek_scraper
Speedmax CFR AXS,"Fietsen van deze categorie zijn geschikt voor verharde wegen waarbij die wielen voortdurend in contact met de ondergrond blijven. Dit zijn meestal racefietsen met racesturen of rechte sturen, triatlon- of tijdritfietsen. Het maximaal toelaatbare totaalgewicht, bestaande uit biker, bagage en fiets mag niet meer dan 120 kg bedragen. Dit maximale toegestane gewicht kan onder bepaalde omstandigheden door de gebruiksaanbevelingen van de fabrikant van de componenten verder worden beperkt. Uitzonderingen in deze categorie zijn bepaalde cyclocross- en gravelfietsen met racestuur en cantilever- of schijfremmen. Deze fietsen zijn ook geschikt voor gravelpaden en offroad-parcoursen waarop de banden door kleine treden of obstakels voor korte tijd contact met de grond verliezen, en dit van 15 tot 20 cm hoog.",publish,product,3869,10979.0,Time Trial,Canyon,https://www.canyon.com/nl-nl/racefietsen/triathlon-fietsen/speedmax/cfr/speedmax-cfr-axs/3869.html?dwvar_3869_pv_rahmenfarbe=R085_P04,,,Carbon (CFR),"8,66 kg",https://www.canyon.com/dw/image/v2/BCML_PRD/on/demandware.static/-/Library-Sites-canyon-shared/default/dw8cfa038b/images/customer-service/road-bikes/thumb-speedmax-Unbox-and-assemble-your-Speedmax-CFR-2022.jpg?sw=1080,images/Canyon/Speedmax_CFR_AXS/thumb-speedmax-Unbox-and-assemble-your-Speedmax-CFR-2022.jpg,https://www.canyon.com/dw/image/v2/BCML_PRD/on/demandware.static/-/Sites/default/dw919e7355/Splitit.png?sh=32,images/Canyon/Speedmax_CFR_AXS/Splitit.png,https://www.canyon.com/dw/image/v2/BCML_PRD/on/demandware.static/Sites-RoW-Site/-/default/dw69f9d44b/images/pdpModalTrigger/pdpModalTriggerCompare.jpg?sw=632&sh=356&sm=cut,images/Canyon/Speedmax_CFR_AXS/pdpModalTriggerCompare.jpg,https://www.canyon.com/dw/image/v2/BCML_PRD/on/demandware.static/-/Sites-canyon-master/default/dw7221f7bc/images/full/full_2025_/2024/full_2025_3869_speedmax-cfr-axs_R085_P04_P5.jpg?sw=448&sh=231&sm=fit&sfrm=png&q=90&bgcolor=F2F2F2,images/Canyon/Speedmax_CFR_AXS/full_2025_3869_speedmax-cfr-axs_R085_P04_P5.jpg,https://www.canyon.com/dw/image/v2/BCML_PRD/on/demandware.static/-/Library-Sites-canyon-shared/default/dwa775a782/images/pdp/road-bikes/brand-canyon-speedmax-cf-slx-MY24-01.jpg?sw=513&sh=289&sm=cut&sfrm=jpg&q=80,images/Canyon/Speedmax_CFR_AXS/brand-canyon-speedmax-cf-slx-MY24-01.jpg,2025-07-18 10:58:29,trek_scraper
Speedmax CFR TT,"Fietsen van deze categorie zijn geschikt voor verharde wegen waarbij die wielen voortdurend in contact met de ondergrond blijven. Dit zijn meestal racefietsen met racesturen of rechte sturen, triatlon- of tijdritfietsen. Het maximaal toelaatbare totaalgewicht, bestaande uit biker, bagage en fiets mag niet meer dan 120 kg bedragen. Dit maximale toegestane gewicht kan onder bepaalde omstandigheden door de gebruiksaanbevelingen van de fabrikant van de componenten verder worden beperkt. Uitzonderingen in deze categorie zijn bepaalde cyclocross- en gravelfietsen met racestuur en cantilever- of schijfremmen. Deze fietsen zijn ook geschikt voor gravelpaden en offroad-parcoursen waarop de banden door kleine treden of obstakels voor korte tijd contact met de grond verliezen, en dit van 15 tot 20 cm hoog.",publish,product,3728,12199.0,Time Trial,Canyon,https://www.canyon.com/nl-nl/racefietsen/triathlon-fietsen/speedmax/cfr/speedmax-cfr-tt/3728.html?dwvar_3728_pv_rahmenfarbe=R090_P01,,,Carbon (CFR),"8,7 kg",https://www.canyon.com/dw/image/v2/BCML_PRD/on/demandware.static/-/Library-Sites-canyon-shared/default/dw8cfa038b/images/customer-service/road-bikes/thumb-speedmax-Unbox-and-assemble-your-Speedmax-CFR-2022.jpg?sw=1080,images/Canyon/Speedmax_CFR_TT/thumb-speedmax-Unbox-and-assemble-your-Speedmax-CFR-2022.jpg,https://www.canyon.com/dw/image/v2/BCML_PRD/on/demandware.static/-/Sites/default/dw919e7355/Splitit.png?sh=32,images/Canyon/Speedmax_CFR_TT/Splitit.png,https://www.canyon.com/dw/image/v2/BCML_PRD/on/demandware.static/Sites-RoW-Site/-/default/dw69f9d44b/images/pdpModalTrigger/pdpModalTriggerCompare.jpg?sw=632&sh=356&sm=cut,images/Canyon/Speedmax_CFR_TT/pdpModalTriggerCompare.jpg,https://www.canyon.com/dw/image/v2/BCML_PRD/on/demandware.static/-/Library-Sites-canyon-shared/default/dw2d81fa67/images/pdp/Speedmax-CFR-TT-adv-pdp-01.jpg?sw=513&sh=289&sm=cut&sfrm=jpg&q=80,images/Canyon/Speedmax_CFR_TT/Speedmax-CFR-TT-adv-pdp-01.jpg,https://www.canyon.com/dw/image/v2/BCML_PRD/on/demandware.static/-/Library-Sites-canyon-shared/default/dw499f23a7/images/pdp/Speedmax-CFR-TT-adv-pdp-02.jpg?sw=513&sh=289&sm=cut&sfrm=jpg&q=80,images/Canyon/Speedmax_CFR_TT/Speedmax-CFR-TT-adv-pdp-02.jpg,2025-07-18 10:58:29,trek_scraper
Inflite CF SL 5,"Fietsen van deze categorie zijn geschikt voor verharde wegen waarbij die wielen voortdurend in contact met de ondergrond blijven. Dit zijn meestal racefietsen met racesturen of rechte sturen, triatlon- of tijdritfietsen. Het maximaal toelaatbare totaalgewicht, bestaande uit biker, bagage en fiets mag niet meer dan 120 kg bedragen. Dit maximale toegestane gewicht kan onder bepaalde omstandigheden door de gebruiksaanbevelingen van de fabrikant van de componenten verder worden beperkt. Uitzonderingen in deze categorie zijn bepaalde cyclocross- en gravelfietsen met racestuur en cantilever- of schijfremmen. Deze fietsen zijn ook geschikt voor gravelpaden en offroad-parcoursen waarop de banden door kleine treden of obstakels voor korte tijd contact met de grond verliezen, en dit van 15 tot 20 cm hoog.",publish,product,3549,2549.0,Cyclocross,Canyon,https://www.canyon.com/nl-nl/racefietsen/cyclocross-fietsen/inflite/cf-sl/inflite-cf-sl-5/3549.html?dwvar_3549_pv_rahmenfarbe=R063_P26,,,Carbon (CF),"8,92 kg",https://www.canyon.com/dw/image/v2/BCML_PRD/on/demandware.static/-/Sites-canyon-master/default/dw29e8b752/images/top/3549_TOP-4/2024/3549_TOP-4_inflite-cf-sl-5_P26_seatclamp.jpg?sw=504&sh=504&sm=cut&sfrm=jpg&q=80,images/Canyon/Inflite_CF_SL_5/3549_TOP-4_inflite-cf-sl-5_P26_seatclamp.jpg,https://www.canyon.com/dw/image/v2/BCML_PRD/on/demandware.static/-/Sites/default/dw919e7355/Splitit.png?sh=32,images/Canyon/Inflite_CF_SL_5/Splitit.png,https://www.canyon.com/dw/image/v2/BCML_PRD/on/demandware.static/-/Sites-canyon-master/default/dwc239c0f0/images/full/full_2025_/2024/full_2025_3549_inflite-cf-sl-5_P26_P5.jpg?sw=448&sh=231&sm=fit&sfrm=png&q=90&bgcolor=F2F2F2,images/Canyon/Inflite_CF_SL_5/full_2025_3549_inflite-cf-sl-5_P26_P5.jpg,https://www.canyon.com/dw/image/v2/BCML_PRD/on/demandware.static/Sites-RoW-Site/-/default/dw69f9d44b/images/pdpModalTrigger/pdpModalTriggerCompare.jpg?sw=632&sh=356&sm=cut,images/Canyon/Inflite_CF_SL_5/pdpModalTriggerCompare.jpg,https://www.canyon.com/dw/image/v2/BCML_PRD/on/demandware.static/-/Library-Sites-canyon-shared/default/dwbbaff306/images/customer-service/road-bikes/Unboxing-inflite-my24-cfr.jpg?sw=1080,images/Canyon/Inflite_CF_SL_5/Unboxing-inflite-my24-cfr.jpg,2025-07-18 10:58:29,trek_scraper
Speedmax CF SLX 8 AXS,"Fietsen van deze categorie zijn geschikt voor verharde wegen waarbij die wielen voortdurend in contact met de ondergrond blijven. Dit zijn meestal racefietsen met racesturen of rechte sturen, triatlon- of tijdritfietsen. Het maximaal toelaatbare totaalgewicht, bestaande uit biker, bagage en fiets mag niet meer dan 120 kg bedragen. Dit maximale toegestane gewicht kan onder bepaalde omstandigheden door de gebruiksaanbevelingen van de fabrikant van de componenten verder worden beperkt. Uitzonderingen in deze categorie zijn bepaalde cyclocross- en gravelfietsen met racestuur en cantilever- of schijfremmen. Deze fietsen zijn ook geschikt voor gravelpaden en offroad-parcoursen waarop de banden door kleine treden of obstakels voor korte tijd contact met de grond verliezen, en dit van 15 tot 20 cm hoog.",publish,product,3866,8139.0,Time Trial,Canyon,https://www.canyon.com/nl-nl/racefietsen/triathlon-fietsen/speedmax/cf-slx/speedmax-cf-slx-8-axs/3866.html?dwvar_3866_pv_rahmenfarbe=R091_P12,,,Carbon (CF),"9,42 kg",https://www.canyon.com/dw/image/v2/BCML_PRD/on/demandware.static/-/Library-Sites-canyon-shared/default/dw8cfa038b/images/customer-service/road-bikes/thumb-speedmax-Unbox-and-assemble-your-Speedmax-CFR-2022.jpg?sw=1080,images/Canyon/Speedmax_CF_SLX_8_AXS/thumb-speedmax-Unbox-and-assemble-your-Speedmax-CFR-2022.jpg,https://www.canyon.com/dw/image/v2/BCML_PRD/on/demandware.static/-/Sites/default/dw919e7355/Splitit.png?sh=32,images/Canyon/Speedmax_CF_SLX_8_AXS/Splitit.png,https://www.canyon.com/dw/image/v2/BCML_PRD/on/demandware.static/-/Sites-canyon-master/default/dw1f865395/images/full/full_2025_/2024/full_2025_3866_speedmax-cf-slx-8-axs_R091_P12_P5.jpg?sw=448&sh=231&sm=fit&sfrm=png&q=90&bgcolor=F2F2F2,images/Canyon/Speedmax_CF_SLX_8_AXS/full_2025_3866_speedmax-cf-slx-8-axs_R091_P12_P5.jpg,https://www.canyon.com/dw/image/v2/BCML_PRD/on/demandware.static/-/Sites-canyon-master/default/dwdb2696fc/images/top/3866_TOP-1/2024/3866_TOP-1_speedmax-cf-slx-8-axs_R091_P12_cockpit.jpg?sw=504&sh=504&sm=cut&sfrm=jpg&q=80,images/Canyon/Speedmax_CF_SLX_8_AXS/3866_TOP-1_speedmax-cf-slx-8-axs_R091_P12_cockpit.jpg,https://www.canyon.com/dw/image/v2/BCML_PRD/on/demandware.static/Sites-RoW-Site/-/default/dw69f9d44b/images/pdpModalTrigger/pdpModalTriggerCompare.jpg?sw=632&sh=356&sm=cut,images/Canyon/Speedmax_CF_SLX_8_AXS/pdpModalTriggerCompare.jpg,2025-07-18 10:58:29,trek_scraper
Ultimate CFR LTD,"Fietsen van deze categorie zijn geschikt voor verharde wegen waarbij die wielen voortdurend in contact met de ondergrond blijven. Dit zijn meestal racefietsen met racesturen of rechte sturen, triatlon- of tijdritfietsen. Het maximaal toelaatbare totaalgewicht, bestaande uit biker, bagage en fiets mag niet meer dan 120 kg bedragen. Dit maximale toegestane gewicht kan onder bepaalde omstandigheden door de gebruiksaanbevelingen van de fabrikant van de componenten verder worden beperkt. Uitzonderingen in deze categorie zijn bepaalde cyclocross- en gravelfietsen met racestuur en cantilever- of schijfremmen. Deze fietsen zijn ook geschikt voor gravelpaden en offroad-parcoursen waarop de banden door kleine treden of obstakels voor korte tijd contact met de grond verliezen, en dit van 15 tot 20 cm hoog.",publish,product,3863,10699.0,Race,Canyon,https://www.canyon.com/nl-nl/racefietsen/wielrenfietsen/ultimate/cfr/ultimate-cfr-ltd/3863.html?dwvar_3863_pv_rahmenfarbe=R102_P08,,,Carbon (CFR),"6,72 kg",https://www.canyon.com/dw/image/v2/BCML_PRD/on/demandware.static/-/Sites/default/dw919e7355/Splitit.png?sh=32,images/Canyon/Ultimate_CFR_LTD/Splitit.png,https://www.canyon.com/dw/image/v2/BCML_PRD/on/demandware.static/Sites-RoW-Site/-/default/dw69f9d44b/images/pdpModalTrigger/pdpModalTriggerCompare.jpg?sw=632&sh=356&sm=cut,images/Canyon/Ultimate_CFR_LTD/pdpModalTriggerCompare.jpg,https://www.canyon.com/dw/image/v2/BCML_PRD/on/demandware.static/-/Library-Sites-canyon-shared/default/dw99cc363b/images/pdp/Adv-pdp-ultimate-my25-CFR-LTD-01.jpg?sw=513&sh=289&sm=cut&sfrm=jpg&q=80,images/Canyon/Ultimate_CFR_LTD/Adv-pdp-ultimate-my25-CFR-LTD-01.jpg,https://www.canyon.com/dw/image/v2/BCML_PRD/on/demandware.static/-/Library-Sites-canyon-shared/default/dw5783cda7/images/customer-service/road-bikes/unbox-and-assemble-your-ultimate-2023.jpg?sw=1080,images/Canyon/Ultimate_CFR_LTD/unbox-and-assemble-your-ultimate-2023.jpg,https://www.canyon.com/dw/image/v2/BCML_PRD/on/demandware.static/-/Library-Sites-canyon-shared/default/dw558d46a3/images/pdp/awards/DI_LogoNEU_2025_pos_RGB.png?sw=180,images/Canyon/Ultimate_CFR_LTD/DI_LogoNEU_2025_pos_RGB.png,2025-07-18 10:58:29,trek_scraper
Endurace CF SLX 8 AXS Aero,"Fietsen van deze categorie zijn geschikt voor verharde wegen waarbij die wielen voortdurend in contact met de ondergrond blijven. Dit zijn meestal racefietsen met racesturen of rechte sturen, triatlon- of tijdritfietsen. Het maximaal toelaatbare totaalgewicht, bestaande uit biker, bagage en fiets mag niet meer dan 120 kg bedragen. Dit maximale toegestane gewicht kan onder bepaalde omstandigheden door de gebruiksaanbevelingen van de fabrikant van de componenten verder worden beperkt. Uitzonderingen in deze categorie zijn bepaalde cyclocross- en gravelfietsen met racestuur en cantilever- of schijfremmen. Deze fietsen zijn ook geschikt voor gravelpaden en offroad-parcoursen waarop de banden door kleine treden of obstakels voor korte tijd contact met de grond verliezen, en dit van 15 tot 20 cm hoog.",publish,product,3712,4779.0,Endurance,Canyon,https://www.canyon.com/nl-nl/racefietsen/endurance-racefietsen/endurace/cf-slx/endurace-cf-slx-8-axs-aero/3712.html?dwvar_3712_pv_rahmenfarbe=R077_P10,,,Carbon (CF),8 kg,https://www.canyon.com/dw/image/v2/BCML_PRD/on/demandware.static/-/Sites/default/dw919e7355/Splitit.png?sh=32,images/Canyon/Endurace_CF_SLX_8_AXS_Aero/Splitit.png,https://www.canyon.com/dw/image/v2/BCML_PRD/on/demandware.static/-/Sites-canyon-master/default/dw40c9e29e/images/top/3712-1_TOP/2024/3712-1_TOP-2_endurace-cf-slx8-axs_R077-2_P10_cockpit.jpg?sw=504&sh=504&sm=cut&sfrm=jpg&q=80,images/Canyon/Endurace_CF_SLX_8_AXS_Aero/3712-1_TOP-2_endurace-cf-slx8-axs_R077-2_P10_cockpit.jpg,https://www.canyon.com/dw/image/v2/BCML_PRD/on/demandware.static/Sites-RoW-Site/-/default/dw69f9d44b/images/pdpModalTrigger/pdpModalTriggerCompare.jpg?sw=632&sh=356&sm=cut,images/Canyon/Endurace_CF_SLX_8_AXS_Aero/pdpModalTriggerCompare.jpg,https://www.canyon.com/dw/image/v2/BCML_PRD/on/demandware.static/-/Sites-canyon-master/default/dwb43846a3/images/full/full_2024_/2024/full_2024_3712-1_endurace-cf-slx8-axs_R077-2_P10_P5.jpg?sw=750&sfrm=png&q=90&bgcolor=F2F2F2,images/Canyon/Endurace_CF_SLX_8_AXS_Aero/full_2024_3712-1_endurace-cf-slx8-axs_R077-2_P10_P5.jpg,https://www.canyon.com/dw/image/v2/BCML_PRD/on/demandware.static/-/Sites-canyon-master/default/dwb43846a3/images/full/full_2024_/2024/full_2024_3712-1_endurace-cf-slx8-axs_R077-2_P10_P5.jpg?sw=448&sh=231&sm=fit&sfrm=png&q=90&bgcolor=F2F2F2,images/Canyon/Endurace_CF_SLX_8_AXS_Aero/full_2024_3712-1_endurace-cf-slx8-axs_R077-2_P10_P5.jpg,2025-07-18 10:58:29,trek_scraper
Ultimate CF SLX 8 AXS,"Fietsen van deze categorie zijn geschikt voor verharde wegen waarbij die wielen voortdurend in contact met de ondergrond blijven. Dit zijn meestal racefietsen met racesturen of rechte sturen, triatlon- of tijdritfietsen. Het maximaal toelaatbare totaalgewicht, bestaande uit biker, bagage en fiets mag niet meer dan 120 kg bedragen. Dit maximale toegestane gewicht kan onder bepaalde omstandigheden door de gebruiksaanbevelingen van de fabrikant van de componenten verder worden beperkt. Uitzonderingen in deze categorie zijn bepaalde cyclocross- en gravelfietsen met racestuur en cantilever- of schijfremmen. Deze fietsen zijn ook geschikt voor gravelpaden en offroad-parcoursen waarop de banden door kleine treden of obstakels voor korte tijd contact met de grond verliezen, en dit van 15 tot 20 cm hoog.",publish,product,4067,6599.0,Race,Canyon,https://www.canyon.com/nl-nl/racefietsen/wielrenfietsen/ultimate/cf-slx/ultimate-cf-slx-8-axs/4067.html?dwvar_4067_pv_rahmenfarbe=R100_P09,,,Carbon (CF),"7,42 kg",https://www.canyon.com/dw/image/v2/BCML_PRD/on/demandware.static/-/Sites-canyon-master/default/dw2d1a065f/images/top/2026_TOP-1/2026/2026_TOP-1_ultimate_cf-slx-8-axs_4067_R100_P09_cockpit.jpg?sw=504&sh=504&sm=cut&sfrm=jpg&q=80,images/Canyon/Ultimate_CF_SLX_8_AXS/2026_TOP-1_ultimate_cf-slx-8-axs_4067_R100_P09_cockpit.jpg,https://www.canyon.com/dw/image/v2/BCML_PRD/on/demandware.static/-/Sites/default/dw919e7355/Splitit.png?sh=32,images/Canyon/Ultimate_CF_SLX_8_AXS/Splitit.png,https://www.canyon.com/dw/image/v2/BCML_PRD/on/demandware.static/-/Sites-canyon-master/default/dw4c0a8987/images/full/2026_FULL_/2026/2026_FULL_ultimate_cf-slx-8-axs_4067_R100_P09.jpg?sw=750&sfrm=png&q=90&bgcolor=F2F2F2,images/Canyon/Ultimate_CF_SLX_8_AXS/2026_FULL_ultimate_cf-slx-8-axs_4067_R100_P09.jpg,https://www.canyon.com/dw/image/v2/BCML_PRD/on/demandware.static/Sites-RoW-Site/-/default/dw69f9d44b/images/pdpModalTrigger/pdpModalTriggerCompare.jpg?sw=632&sh=356&sm=cut,images/Canyon/Ultimate_CF_SLX_8_AXS/pdpModalTriggerCompare.jpg,https://www.canyon.com/dw/image/v2/BCML_PRD/on/demandware.static/-/Sites-canyon-master/default/dw55f01349/images/top/2026_TOP-6/2026/2026_TOP-6_ultimate_cf-slx-8-axs_4067_R100_P09_tx25.jpg?sw=504&sh=504&sm=cut&sfrm=jpg&q=80,images/Canyon/Ultimate_CF_SLX_8_AXS/2026_TOP-6_ultimate_cf-slx-8-axs_4067_R100_P09_tx25.jpg,2025-07-18 10:58:29,trek_scraper
Ultimate CF 7 Di2 AERO,"Fietsen van deze categorie zijn geschikt voor verharde wegen waarbij die wielen voortdurend in contact met de ondergrond blijven. Dit zijn meestal racefietsen met racesturen of rechte sturen, triatlon- of tijdritfietsen. Het maximaal toelaatbare totaalgewicht, bestaande uit biker, bagage en fiets mag niet meer dan 120 kg bedragen. Dit maximale toegestane gewicht kan onder bepaalde omstandigheden door de gebruiksaanbevelingen van de fabrikant van de componenten verder worden beperkt. Uitzonderingen in deze categorie zijn bepaalde cyclocross- en gravelfietsen met racestuur en cantilever- of schijfremmen. Deze fietsen zijn ook geschikt voor gravelpaden en offroad-parcoursen waarop de banden door kleine treden of obstakels voor korte tijd contact met de grond verliezen, en dit van 15 tot 20 cm hoog.",publish,product,4064,4049.0,Race,Canyon,https://www.canyon.com/nl-nl/racefietsen/wielrenfietsen/ultimate/cf-sl/ultimate-cf-7-di2-aero/4064.html?dwvar_4064_pv_rahmenfarbe=R101_P06,,,Carbon (CF),"8,16 kg",https://www.canyon.com/dw/image/v2/BCML_PRD/on/demandware.static/-/Sites/default/dw919e7355/Splitit.png?sh=32,images/Canyon/Ultimate_CF_7_Di2_AERO/Splitit.png,https://www.canyon.com/dw/image/v2/BCML_PRD/on/demandware.static/-/Sites-canyon-master/default/dw3a1b5b82/images/top/2026_TOP-4/2026/2026_TOP-4_ultimate_cf-sl-7-aero_4064_R101_P06_carbon.jpg?sw=504&sh=504&sm=cut&sfrm=jpg&q=80,images/Canyon/Ultimate_CF_7_Di2_AERO/2026_TOP-4_ultimate_cf-sl-7-aero_4064_R101_P06_carbon.jpg,https://www.canyon.com/dw/image/v2/BCML_PRD/on/demandware.static/Sites-RoW-Site/-/default/dw69f9d44b/images/pdpModalTrigger/pdpModalTriggerCompare.jpg?sw=632&sh=356&sm=cut,images/Canyon/Ultimate_CF_7_Di2_AERO/pdpModalTriggerCompare.jpg,https://www.canyon.com/dw/image/v2/BCML_PRD/on/demandware.static/-/Sites-canyon-master/default/dw31177759/images/top/2026_TOP-1/2026/2026_TOP-1_ultimate_cf-sl-7-aero_4064_R101_P06_perfect-balance.jpg?sw=504&sh=504&sm=cut&sfrm=jpg&q=80,images/Canyon/Ultimate_CF_7_Di2_AERO/2026_TOP-1_ultimate_cf-sl-7-aero_4064_R101_P06_perfect-balance.jpg,https://www.canyon.com/dw/image/v2/BCML_PRD/on/demandware.static/-/Sites-canyon-master/default/dw22c3f21a/images/top/2026_TOP-6/2026/2026_TOP-6_ultimate_cf-sl-7-aero_4064_R101_P06_seatpost.jpg?sw=504&sh=504&sm=cut&sfrm=jpg&q=80,images/Canyon/Ultimate_CF_7_Di2_AERO/2026_TOP-6_ultimate_cf-sl-7-aero_4064_R101_P06_seatpost.jpg,2025-07-18 10:58:29,trek_scraper
Endurace 7 RAW,"Fietsen van deze categorie zijn geschikt voor verharde wegen waarbij die wielen voortdurend in contact met de ondergrond blijven. Dit zijn meestal racefietsen met racesturen of rechte sturen, triatlon- of tijdritfietsen. Het maximaal toelaatbare totaalgewicht, bestaande uit biker, bagage en fiets mag niet meer dan 120 kg bedragen. Dit maximale toegestane gewicht kan onder bepaalde omstandigheden door de gebruiksaanbevelingen van de fabrikant van de componenten verder worden beperkt. Uitzonderingen in deze categorie zijn bepaalde cyclocross- en gravelfietsen met racestuur en cantilever- of schijfremmen. Deze fietsen zijn ook geschikt voor gravelpaden en offroad-parcoursen waarop de banden door kleine treden of obstakels voor korte tijd contact met de grond verliezen, en dit van 15 tot 20 cm hoog.",publish,product,3705,1649.0,Endurance,Canyon,https://www.canyon.com/nl-nl/racefietsen/endurance-racefietsen/endurace/al/endurace-7-raw/3705.html?dwvar_3705_pv_rahmenfarbe=R074_P05,,,Aluminium (AL),"9,4 kg",https://www.canyon.com/dw/image/v2/BCML_PRD/on/demandware.static/-/Sites/default/dw919e7355/Splitit.png?sh=32,images/Canyon/Endurace_7_RAW/Splitit.png,https://www.canyon.com/dw/image/v2/BCML_PRD/on/demandware.static/Sites-RoW-Site/-/default/dw69f9d44b/images/pdpModalTrigger/pdpModalTriggerCompare.jpg?sw=632&sh=356&sm=cut,images/Canyon/Endurace_7_RAW/pdpModalTriggerCompare.jpg,https://www.canyon.com/dw/image/v2/BCML_PRD/on/demandware.static/-/Sites-canyon-master/default/dwba91717d/images/top/3705_TOP-3/2023/3705_TOP-3_endurace-7_P05_tyre-clearance.jpg?sw=504&sh=504&sm=cut&sfrm=jpg&q=80,images/Canyon/Endurace_7_RAW/3705_TOP-3_endurace-7_P05_tyre-clearance.jpg,https://www.canyon.com/dw/image/v2/BCML_PRD/on/demandware.static/-/Sites-canyon-master/default/dwdeb5b588/images/top/3705_TOP-1/2023/3705_TOP-1_endurace-7_P05_tt-rivet.jpg?sw=504&sh=504&sm=cut&sfrm=jpg&q=80,images/Canyon/Endurace_7_RAW/3705_TOP-1_endurace-7_P05_tt-rivet.jpg,https://www.canyon.com/dw/image/v2/BCML_PRD/on/demandware.static/-/Library-Sites-canyon-shared/default/dw9db09871/images/pdp/road-bikes/Adv-Pdp-canyon-Endurace-CFR-04.jpg?sw=513&sh=289&sm=cut&sfrm=jpg&q=80,images/Canyon/Endurace_7_RAW/Adv-Pdp-canyon-Endurace-CFR-04.jpg,2025-07-18 10:58:29,trek_scraper
Ultimate CFR Disc Frame and Brake Kit,"Fietsen van deze categorie zijn geschikt voor verharde wegen waarbij die wielen voortdurend in contact met de ondergrond blijven. Dit zijn meestal racefietsen met racesturen of rechte sturen, triatlon- of tijdritfietsen. Het maximaal toelaatbare totaalgewicht, bestaande uit biker, bagage en fiets mag niet meer dan 120 kg bedragen. Dit maximale toegestane gewicht kan onder bepaalde omstandigheden door de gebruiksaanbevelingen van de fabrikant van de componenten verder worden beperkt. Uitzonderingen in deze categorie zijn bepaalde cyclocross- en gravelfietsen met racestuur en cantilever- of schijfremmen. Deze fietsen zijn ook geschikt voor gravelpaden en offroad-parcoursen waarop de banden door kleine treden of obstakels voor korte tijd contact met de grond verliezen, en dit van 15 tot 20 cm hoog.",publish,product,4226,5099.0,Race,Canyon,https://www.canyon.com/nl-nl/racefietsen/wielrenfietsen/ultimate/cfr/ultimate-cfr-disc-frame-and-brake-kit/4226.html?dwvar_4226_pv_rahmenfarbe=R102_P09,,,Carbon (CFR),"2,76 kg",https://www.canyon.com/dw/image/v2/BCML_PRD/on/demandware.static/-/Sites/default/dw919e7355/Splitit.png?sh=32,images/Canyon/Ultimate_CFR_Disc_Frame_and_Brake_Kit/Splitit.png,https://www.canyon.com/dw/image/v2/BCML_PRD/on/demandware.static/-/Library-Sites-canyon-shared/default/dw609fab0f/images/pdp/Adv-pdp-ultimate-CFR-di2-1.jpg?sw=513&sh=289&sm=cut&sfrm=jpg&q=80,images/Canyon/Ultimate_CFR_Disc_Frame_and_Brake_Kit/Adv-pdp-ultimate-CFR-di2-1.jpg,https://www.canyon.com/dw/image/v2/BCML_PRD/on/demandware.static/-/Library-Sites-canyon-shared/default/dw5783cda7/images/customer-service/road-bikes/unbox-and-assemble-your-ultimate-2023.jpg?sw=1080,images/Canyon/Ultimate_CFR_Disc_Frame_and_Brake_Kit/unbox-and-assemble-your-ultimate-2023.jpg,https://www.canyon.com/dw/image/v2/BCML_PRD/on/demandware.static/-/Library-Sites-canyon-shared/default/dw3955df03/images/pdp/brand-highlight-raw-carbon-frames.jpg?sw=513&sh=289&sm=cut&sfrm=jpg&q=80,images/Canyon/Ultimate_CFR_Disc_Frame_and_Brake_Kit/brand-highlight-raw-carbon-frames.jpg,https://www.canyon.com/dw/image/v2/BCML_PRD/on/demandware.static/-/Sites-canyon-master/default/dw59f8b823/images/full/2026_FULL_/2026/2026_FULL_ultimate_cfr-frs_4226_R102_P09.jpg?sw=448&sh=231&sm=fit&sfrm=png&q=90&bgcolor=F2F2F2,images/Canyon/Ultimate_CFR_Disc_Frame_and_Brake_Kit/2026_FULL_ultimate_cfr-frs_4226_R102_P09.jpg,2025-07-18 10:58:29,trek_scraper
Speedmax CFR Track,"Internal Link:$httpsUrl('Product-Show', 'productId', '3923')$$httpsUrl('Product-Show', 'productId', '3923')$",publish,product,3923,20350.0,Aero,Canyon,https://www.canyon.com/nl-nl/racefietsen/aero-racefietsen/speedmax-track/speedmax-cfr-track/3923.html?dwvar_3923_pv_rahmenfarbe=R115_P01,,,Carbon (CFR),"7,96 kg",https://www.canyon.com/dw/image/v2/BCML_PRD/on/demandware.static/-/Sites/default/dw919e7355/Splitit.png?sh=32,images/Canyon/Speedmax_CFR_Track/Splitit.png,https://www.canyon.com/dw/image/v2/BCML_PRD/on/demandware.static/-/Library-Sites-canyon-shared/default/dwd875b759/images/pdp/road-bikes/brand-canyon-speedmax-cfr-track-MY24-02.jpg?sw=513&sh=289&sm=cut&sfrm=jpg&q=80,images/Canyon/Speedmax_CFR_Track/brand-canyon-speedmax-cfr-track-MY24-02.jpg,https://www.canyon.com/dw/image/v2/BCML_PRD/on/demandware.static/Sites-RoW-Site/-/default/dw69f9d44b/images/pdpModalTrigger/pdpModalTriggerCompare.jpg?sw=632&sh=356&sm=cut,images/Canyon/Speedmax_CFR_Track/pdpModalTriggerCompare.jpg,https://www.canyon.com/dw/image/v2/BCML_PRD/on/demandware.static/-/Sites-canyon-master/default/dw4185d95f/images/full/full_2023_/2023/full_2023_speedmax_3923_speedmax-track-cfr_P01_P5.jpg?sw=448&sh=231&sm=fit&sfrm=png&q=90&bgcolor=F2F2F2,images/Canyon/Speedmax_CFR_Track/full_2023_speedmax_3923_speedmax-track-cfr_P01_P5.jpg,https://www.canyon.com/dw/image/v2/BCML_PRD/on/demandware.static/-/Library-Sites-canyon-shared/default/dw032f1b3d/images/pdp/road-bikes/brand-canyon-speedmax-cfr-track-MY24-01.jpg?sw=513&sh=289&sm=cut&sfrm=jpg&q=80,images/Canyon/Speedmax_CFR_Track/brand-canyon-speedmax-cfr-track-MY24-01.jpg,2025-07-18 10:58:29,trek_scraper
Aeroad CFR Disc Frame and Brake Kit,"Fietsen van deze categorie zijn geschikt voor verharde wegen waarbij die wielen voortdurend in contact met de ondergrond blijven. Dit zijn meestal racefietsen met racesturen of rechte sturen, triatlon- of tijdritfietsen. Het maximaal toelaatbare totaalgewicht, bestaande uit biker, bagage en fiets mag niet meer dan 120 kg bedragen. Dit maximale toegestane gewicht kan onder bepaalde omstandigheden door de gebruiksaanbevelingen van de fabrikant van de componenten verder worden beperkt. Uitzonderingen in deze categorie zijn bepaalde cyclocross- en gravelfietsen met racestuur en cantilever- of schijfremmen. Deze fietsen zijn ook geschikt voor gravelpaden en offroad-parcoursen waarop de banden door kleine treden of obstakels voor korte tijd contact met de grond verliezen, en dit van 15 tot 20 cm hoog.",publish,product,4227,5099.0,Aero,Canyon,https://www.canyon.com/nl-nl/racefietsen/aero-racefietsen/aeroad/cfr/aeroad-cfr-disc-frame-and-brake-kit/4227.html?dwvar_4227_pv_rahmenfarbe=R108_P01,,,Carbon (CFR),"2,94 kg",https://www.canyon.com/dw/image/v2/BCML_PRD/on/demandware.static/-/Sites/default/dw919e7355/Splitit.png?sh=32,images/Canyon/Aeroad_CFR_Disc_Frame_and_Brake_Kit/Splitit.png,https://www.canyon.com/dw/image/v2/BCML_PRD/on/demandware.static/-/Library-Sites-canyon-shared/default/dwe391d685/images/customer-service/road-bikes/MY25_ARD-CFR-Di2_3967_UB.jpg?sw=1080,images/Canyon/Aeroad_CFR_Disc_Frame_and_Brake_Kit/MY25_ARD-CFR-Di2_3967_UB.jpg,https://www.canyon.com/dw/image/v2/BCML_PRD/on/demandware.static/-/Sites-canyon-master/default/dwd278cb44/images/full/2026_FULL_/2026/2026_FULL_aeroad_cfr-frs_4227_R108_P01.jpg?sw=448&sh=231&sm=fit&sfrm=png&q=90&bgcolor=F2F2F2,images/Canyon/Aeroad_CFR_Disc_Frame_and_Brake_Kit/2026_FULL_aeroad_cfr-frs_4227_R108_P01.jpg,https://www.canyon.com/dw/image/v2/BCML_PRD/on/demandware.static/-/Library-Sites-canyon-shared/default/dw3955df03/images/pdp/brand-highlight-raw-carbon-frames.jpg?sw=513&sh=289&sm=cut&sfrm=jpg&q=80,images/Canyon/Aeroad_CFR_Disc_Frame_and_Brake_Kit/brand-highlight-raw-carbon-frames.jpg,https://www.canyon.com/dw/image/v2/BCML_PRD/on/demandware.static/-/Library-Sites-canyon-shared/default/dw558d46a3/images/pdp/awards/DI_LogoNEU_2025_pos_RGB.png?sw=180,images/Canyon/Aeroad_CFR_Disc_Frame_and_Brake_Kit/DI_LogoNEU_2025_pos_RGB.png,2025-07-18 10:58:29,trek_scraper
Endurace CF SLX 7 Di2,"Fietsen van deze categorie zijn geschikt voor verharde wegen waarbij die wielen voortdurend in contact met de ondergrond blijven. Dit zijn meestal racefietsen met racesturen of rechte sturen, triatlon- of tijdritfietsen. Het maximaal toelaatbare totaalgewicht, bestaande uit biker, bagage en fiets mag niet meer dan 120 kg bedragen. Dit maximale toegestane gewicht kan onder bepaalde omstandigheden door de gebruiksaanbevelingen van de fabrikant van de componenten verder worden beperkt. Uitzonderingen in deze categorie zijn bepaalde cyclocross- en gravelfietsen met racestuur en cantilever- of schijfremmen. Deze fietsen zijn ook geschikt voor gravelpaden en offroad-parcoursen waarop de banden door kleine treden of obstakels voor korte tijd contact met de grond verliezen, en dit van 15 tot 20 cm hoog.",publish,product,4276,4549.0,Endurance,Canyon,https://www.canyon.com/nl-nl/racefietsen/endurance-racefietsen/endurace/cf-slx/endurace-cf-slx-7-di2/4276.html?dwvar_4276_pv_rahmenfarbe=R077_P11,,,Carbon (CF),"8,18 kg",https://www.canyon.com/dw/image/v2/BCML_PRD/on/demandware.static/-/Sites-canyon-master/default/dw4b4b1283/images/top/2026_TOP-2/2026/2026_TOP-2_endurace_cf-slx-7-di2_4276_R077_P11_carbon.jpg?sw=504&sh=504&sm=cut&sfrm=jpg&q=80,images/Canyon/Endurace_CF_SLX_7_Di2/2026_TOP-2_endurace_cf-slx-7-di2_4276_R077_P11_carbon.jpg,https://www.canyon.com/dw/image/v2/BCML_PRD/on/demandware.static/-/Sites/default/dw919e7355/Splitit.png?sh=32,images/Canyon/Endurace_CF_SLX_7_Di2/Splitit.png,https://www.canyon.com/dw/image/v2/BCML_PRD/on/demandware.static/-/Sites-canyon-master/default/dw83193093/images/top/2026_TOP-3/2026/2026_TOP-3_endurace_cf-slx-7-di2_4276_R077_P11_integrated-storage.jpg?sw=504&sh=504&sm=cut&sfrm=jpg&q=80,images/Canyon/Endurace_CF_SLX_7_Di2/2026_TOP-3_endurace_cf-slx-7-di2_4276_R077_P11_integrated-storage.jpg,https://www.canyon.com/dw/image/v2/BCML_PRD/on/demandware.static/Sites-RoW-Site/-/default/dw69f9d44b/images/pdpModalTrigger/pdpModalTriggerCompare.jpg?sw=632&sh=356&sm=cut,images/Canyon/Endurace_CF_SLX_7_Di2/pdpModalTriggerCompare.jpg,https://www.canyon.com/dw/image/v2/BCML_PRD/on/demandware.static/-/Sites-canyon-master/default/dweb6b40fc/images/top/2026_TOP-5/2026/2026_TOP-5_endurace_cf-slx-7-di2_4276_R077_P11_adaptive-cockpit-v2.jpg?sw=504&sh=504&sm=cut&sfrm=jpg&q=80,images/Canyon/Endurace_CF_SLX_7_Di2/2026_TOP-5_endurace_cf-slx-7-di2_4276_R077_P11_adaptive-cockpit-v2.jpg,2025-07-18 10:58:29,trek_scraper
Endurace CF SLX 8 Di2,"Fietsen van deze categorie zijn geschikt voor verharde wegen waarbij die wielen voortdurend in contact met de ondergrond blijven. Dit zijn meestal racefietsen met racesturen of rechte sturen, triatlon- of tijdritfietsen. Het maximaal toelaatbare totaalgewicht, bestaande uit biker, bagage en fiets mag niet meer dan 120 kg bedragen. Dit maximale toegestane gewicht kan onder bepaalde omstandigheden door de gebruiksaanbevelingen van de fabrikant van de componenten verder worden beperkt. Uitzonderingen in deze categorie zijn bepaalde cyclocross- en gravelfietsen met racestuur en cantilever- of schijfremmen. Deze fietsen zijn ook geschikt voor gravelpaden en offroad-parcoursen waarop de banden door kleine treden of obstakels voor korte tijd contact met de grond verliezen, en dit van 15 tot 20 cm hoog.",publish,product,4277,5599.0,Endurance,Canyon,https://www.canyon.com/nl-nl/racefietsen/endurance-racefietsen/endurace/cf-slx/endurace-cf-slx-8-di2/4277.html?dwvar_4277_pv_rahmenfarbe=R077_P11,,,Carbon (CF),"7,84 kg",https://www.canyon.com/dw/image/v2/BCML_PRD/on/demandware.static/-/Sites/default/dw919e7355/Splitit.png?sh=32,images/Canyon/Endurace_CF_SLX_8_Di2/Splitit.png,https://www.canyon.com/dw/image/v2/BCML_PRD/on/demandware.static/-/Sites-canyon-master/default/dw3414a525/images/top/2026_TOP-2/2026/2026_TOP-2_endurace_cf-slx-8-di2_4277_R077_P11_carbon.jpg?sw=504&sh=504&sm=cut&sfrm=jpg&q=80,images/Canyon/Endurace_CF_SLX_8_Di2/2026_TOP-2_endurace_cf-slx-8-di2_4277_R077_P11_carbon.jpg,https://www.canyon.com/dw/image/v2/BCML_PRD/on/demandware.static/Sites-RoW-Site/-/default/dw69f9d44b/images/pdpModalTrigger/pdpModalTriggerCompare.jpg?sw=632&sh=356&sm=cut,images/Canyon/Endurace_CF_SLX_8_Di2/pdpModalTriggerCompare.jpg,https://www.canyon.com/dw/image/v2/BCML_PRD/on/demandware.static/-/Sites-canyon-master/default/dw097c6985/images/top/2026_TOP-4/2026/2026_TOP-4_endurace_cf-slx-8-di2_4277_R077_P11_seatpost.jpg?sw=504&sh=504&sm=cut&sfrm=jpg&q=80,images/Canyon/Endurace_CF_SLX_8_Di2/2026_TOP-4_endurace_cf-slx-8-di2_4277_R077_P11_seatpost.jpg,https://www.canyon.com/dw/image/v2/BCML_PRD/on/demandware.static/-/Sites-canyon-master/default/dw87b70174/images/top/2026_TOP-3/2026/2026_TOP-3_endurace_cf-slx-8-di2_4277_R077_P11_integrated-storage.jpg?sw=504&sh=504&sm=cut&sfrm=jpg&q=80,images/Canyon/Endurace_CF_SLX_8_Di2/2026_TOP-3_endurace_cf-slx-8-di2_4277_R077_P11_integrated-storage.jpg,2025-07-18 10:58:29,trek_scraper
Endurace CFR AXS,"Fietsen van deze categorie zijn geschikt voor verharde wegen waarbij die wielen voortdurend in contact met de ondergrond blijven. Dit zijn meestal racefietsen met racesturen of rechte sturen, triatlon- of tijdritfietsen. Het maximaal toelaatbare totaalgewicht, bestaande uit biker, bagage en fiets mag niet meer dan 120 kg bedragen. Dit maximale toegestane gewicht kan onder bepaalde omstandigheden door de gebruiksaanbevelingen van de fabrikant van de componenten verder worden beperkt. Uitzonderingen in deze categorie zijn bepaalde cyclocross- en gravelfietsen met racestuur en cantilever- of schijfremmen. Deze fietsen zijn ook geschikt voor gravelpaden en offroad-parcoursen waarop de banden door kleine treden of obstakels voor korte tijd contact met de grond verliezen, en dit van 15 tot 20 cm hoog.",publish,product,4278,9149.0,Endurance,Canyon,https://www.canyon.com/nl-nl/racefietsen/endurance-racefietsen/endurace/cfr/endurace-cfr-axs/4278.html?dwvar_4278_pv_rahmenfarbe=R072_P10,,,Carbon (CFR),"7,3 kg",https://www.canyon.com/dw/image/v2/BCML_PRD/on/demandware.static/-/Sites-canyon-master/default/dw99069477/images/full/2026_FULL_/2026/2026_FULL_endurace_cfr-axs_4278_R072_P10.jpg?sw=448&sh=231&sm=fit&sfrm=png&q=90&bgcolor=F2F2F2,images/Canyon/Endurace_CFR_AXS/2026_FULL_endurace_cfr-axs_4278_R072_P10.jpg,https://www.canyon.com/dw/image/v2/BCML_PRD/on/demandware.static/-/Sites/default/dw919e7355/Splitit.png?sh=32,images/Canyon/Endurace_CFR_AXS/Splitit.png,https://www.canyon.com/dw/image/v2/BCML_PRD/on/demandware.static/Sites-RoW-Site/-/default/dw69f9d44b/images/pdpModalTrigger/pdpModalTriggerCompare.jpg?sw=632&sh=356&sm=cut,images/Canyon/Endurace_CFR_AXS/pdpModalTriggerCompare.jpg,https://www.canyon.com/dw/image/v2/BCML_PRD/on/demandware.static/-/Library-Sites-canyon-shared/default/dw558d46a3/images/pdp/awards/DI_LogoNEU_2025_pos_RGB.png?sw=180,images/Canyon/Endurace_CFR_AXS/DI_LogoNEU_2025_pos_RGB.png,,,2025-07-18 10:58:29,trek_scraper
Endurace CFR Di2,"Fietsen van deze categorie zijn geschikt voor verharde wegen waarbij die wielen voortdurend in contact met de ondergrond blijven. Dit zijn meestal racefietsen met racesturen of rechte sturen, triatlon- of tijdritfietsen. Het maximaal toelaatbare totaalgewicht, bestaande uit biker, bagage en fiets mag niet meer dan 120 kg bedragen. Dit maximale toegestane gewicht kan onder bepaalde omstandigheden door de gebruiksaanbevelingen van de fabrikant van de componenten verder worden beperkt. Uitzonderingen in deze categorie zijn bepaalde cyclocross- en gravelfietsen met racestuur en cantilever- of schijfremmen. Deze fietsen zijn ook geschikt voor gravelpaden en offroad-parcoursen waarop de banden door kleine treden of obstakels voor korte tijd contact met de grond verliezen, en dit van 15 tot 20 cm hoog.",publish,product,4279,9149.0,Endurance,Canyon,https://www.canyon.com/nl-nl/racefietsen/endurance-racefietsen/endurace/cfr/endurace-cfr-di2/4279.html?dwvar_4279_pv_rahmenfarbe=R072_P09,,,Carbon (CFR),"7,3 kg",https://www.canyon.com/dw/image/v2/BCML_PRD/on/demandware.static/-/Sites-canyon-master/default/dw9c12861d/images/full/2026_FULL_/2026/2026_FULL_endurace_cfr-di2_4279_R072_P09.jpg?sw=448&sh=231&sm=fit&sfrm=png&q=90&bgcolor=F2F2F2,images/Canyon/Endurace_CFR_Di2/2026_FULL_endurace_cfr-di2_4279_R072_P09.jpg,https://www.canyon.com/dw/image/v2/BCML_PRD/on/demandware.static/-/Sites/default/dw919e7355/Splitit.png?sh=32,images/Canyon/Endurace_CFR_Di2/Splitit.png,https://www.canyon.com/dw/image/v2/BCML_PRD/on/demandware.static/Sites-RoW-Site/-/default/dw69f9d44b/images/pdpModalTrigger/pdpModalTriggerCompare.jpg?sw=632&sh=356&sm=cut,images/Canyon/Endurace_CFR_Di2/pdpModalTriggerCompare.jpg,https://www.canyon.com/dw/image/v2/BCML_PRD/on/demandware.static/-/Library-Sites-canyon-shared/default/dw558d46a3/images/pdp/awards/DI_LogoNEU_2025_pos_RGB.png?sw=180,images/Canyon/Endurace_CFR_Di2/DI_LogoNEU_2025_pos_RGB.png,,,2025-07-18 10:58:29,trek_scraper
Inflite CF SLX 7,"Fietsen van deze categorie zijn geschikt voor verharde wegen waarbij die wielen voortdurend in contact met de ondergrond blijven. Dit zijn meestal racefietsen met racesturen of rechte sturen, triatlon- of tijdritfietsen. Het maximaal toelaatbare totaalgewicht, bestaande uit biker, bagage en fiets mag niet meer dan 120 kg bedragen. Dit maximale toegestane gewicht kan onder bepaalde omstandigheden door de gebruiksaanbevelingen van de fabrikant van de componenten verder worden beperkt. Uitzonderingen in deze categorie zijn bepaalde cyclocross- en gravelfietsen met racestuur en cantilever- of schijfremmen. Deze fietsen zijn ook geschikt voor gravelpaden en offroad-parcoursen waarop de banden door kleine treden of obstakels voor korte tijd contact met de grond verliezen, en dit van 15 tot 20 cm hoog.",publish,product,3844,4549.0,Cyclocross,Canyon,https://www.canyon.com/nl-nl/racefietsen/cyclocross-fietsen/inflite/cf-slx/inflite-cf-slx-7/3844.html?dwvar_3844_pv_rahmenfarbe=R063_P30,,,Carbon (CF),"8,3 kg",https://www.canyon.com/dw/image/v2/BCML_PRD/on/demandware.static/-/Sites-canyon-master/default/dw6f9b6d1d/images/top/3844_TOP-1/2024/3844_TOP-1_inflite-cf-slx-7_R063-02_P30_balance.jpg?sw=504&sh=504&sm=cut&sfrm=jpg&q=80,images/Canyon/Inflite_CF_SLX_7/3844_TOP-1_inflite-cf-slx-7_R063-02_P30_balance.jpg,https://www.canyon.com/dw/image/v2/BCML_PRD/on/demandware.static/-/Sites/default/dw919e7355/Splitit.png?sh=32,images/Canyon/Inflite_CF_SLX_7/Splitit.png,https://www.canyon.com/dw/image/v2/BCML_PRD/on/demandware.static/Sites-RoW-Site/-/default/dw69f9d44b/images/pdpModalTrigger/pdpModalTriggerCompare.jpg?sw=632&sh=356&sm=cut,images/Canyon/Inflite_CF_SLX_7/pdpModalTriggerCompare.jpg,https://www.canyon.com/dw/image/v2/BCML_PRD/on/demandware.static/-/Library-Sites-canyon-shared/default/dwbbaff306/images/customer-service/road-bikes/Unboxing-inflite-my24-cfr.jpg?sw=1080,images/Canyon/Inflite_CF_SLX_7/Unboxing-inflite-my24-cfr.jpg,https://www.canyon.com/dw/image/v2/BCML_PRD/on/demandware.static/-/Sites-canyon-master/default/dw34d490de/images/top/3844_TOP-4/2024/3844_TOP-4_inflite-cf-slx-7_R063-02_P30_mud-surface.jpg?sw=504&sh=504&sm=cut&sfrm=jpg&q=80,images/Canyon/Inflite_CF_SLX_7/3844_TOP-4_inflite-cf-slx-7_R063-02_P30_mud-surface.jpg,2025-07-18 10:58:29,trek_scraper
Inflite CF SLX 8,"Fietsen van deze categorie zijn geschikt voor verharde wegen waarbij die wielen voortdurend in contact met de ondergrond blijven. Dit zijn meestal racefietsen met racesturen of rechte sturen, triatlon- of tijdritfietsen. Het maximaal toelaatbare totaalgewicht, bestaande uit biker, bagage en fiets mag niet meer dan 120 kg bedragen. Dit maximale toegestane gewicht kan onder bepaalde omstandigheden door de gebruiksaanbevelingen van de fabrikant van de componenten verder worden beperkt. Uitzonderingen in deze categorie zijn bepaalde cyclocross- en gravelfietsen met racestuur en cantilever- of schijfremmen. Deze fietsen zijn ook geschikt voor gravelpaden en offroad-parcoursen waarop de banden door kleine treden of obstakels voor korte tijd contact met de grond verliezen, en dit van 15 tot 20 cm hoog.",publish,product,3845,5599.0,Cyclocross,Canyon,https://www.canyon.com/nl-nl/racefietsen/cyclocross-fietsen/inflite/cf-slx/inflite-cf-slx-8/3845.html?dwvar_3845_pv_rahmenfarbe=R063_P31,,,Carbon (CF),"7,8 kg",https://www.canyon.com/dw/image/v2/BCML_PRD/on/demandware.static/-/Sites/default/dw919e7355/Splitit.png?sh=32,images/Canyon/Inflite_CF_SLX_8/Splitit.png,https://www.canyon.com/dw/image/v2/BCML_PRD/on/demandware.static/-/Sites-canyon-master/default/dwf97828b5/images/top/3845_TOP-1/2024/3845_TOP-1_inflite-cf-slx-8_R063-02_P31_balance.jpg?sw=504&sh=504&sm=cut&sfrm=jpg&q=80,images/Canyon/Inflite_CF_SLX_8/3845_TOP-1_inflite-cf-slx-8_R063-02_P31_balance.jpg,https://www.canyon.com/dw/image/v2/BCML_PRD/on/demandware.static/Sites-RoW-Site/-/default/dw69f9d44b/images/pdpModalTrigger/pdpModalTriggerCompare.jpg?sw=632&sh=356&sm=cut,images/Canyon/Inflite_CF_SLX_8/pdpModalTriggerCompare.jpg,https://www.canyon.com/dw/image/v2/BCML_PRD/on/demandware.static/-/Sites-canyon-master/default/dwe9fcebd5/images/full/full_2025_/2024/full_2025_3845_inflite-cf-slx-8_R063-02_P31_P5.jpg?sw=750&sfrm=png&q=90&bgcolor=F2F2F2,images/Canyon/Inflite_CF_SLX_8/full_2025_3845_inflite-cf-slx-8_R063-02_P31_P5.jpg,https://www.canyon.com/dw/image/v2/BCML_PRD/on/demandware.static/-/Sites-canyon-master/default/dw7e588230/images/top/3845_TOP-3/2024/3845_TOP-3_inflite-cf-slx-8_R063-02_P31_tt-kink.jpg?sw=504&sh=504&sm=cut&sfrm=jpg&q=80,images/Canyon/Inflite_CF_SLX_8/3845_TOP-3_inflite-cf-slx-8_R063-02_P31_tt-kink.jpg,2025-07-18 10:58:29,trek_scraper
Inflite CFR Team,"In de bepalende momenten van hun carrire, als alles op het spel staat, kiezen onze profrenners de Inflite.",publish,product,4051,7649.0,Cyclocross,Canyon,https://www.canyon.com/nl-nl/racefietsen/cyclocross-fietsen/inflite/cfr/inflite-cfr-team/4051.html?dwvar_4051_pv_rahmenfarbe=R059_P33,,,Carbon (CFR),"7,34 kg",https://www.canyon.com/dw/image/v2/BCML_PRD/on/demandware.static/-/Sites/default/dw919e7355/Splitit.png?sh=32,images/Canyon/Inflite_CFR_Team/Splitit.png,https://www.canyon.com/dw/image/v2/BCML_PRD/on/demandware.static/Sites-RoW-Site/-/default/dw69f9d44b/images/pdpModalTrigger/pdpModalTriggerCompare.jpg?sw=632&sh=356&sm=cut,images/Canyon/Inflite_CFR_Team/pdpModalTriggerCompare.jpg,https://www.canyon.com/dw/image/v2/BCML_PRD/on/demandware.static/-/Library-Sites-canyon-shared/default/dw009e47c2/images/pdp/Road/Inflite/canyon-inlite-cfr-pdp-enhanced-01.jpg?sw=513&sh=289&sm=cut&sfrm=jpg&q=80,images/Canyon/Inflite_CFR_Team/canyon-inlite-cfr-pdp-enhanced-01.jpg,https://www.canyon.com/dw/image/v2/BCML_PRD/on/demandware.static/-/Library-Sites-canyon-shared/default/dwde1bb0fc/images/pdp/Road/Inflite/canyon-inlite-cfr-pdp-enhanced-02.jpg?sw=513&sh=289&sm=cut&sfrm=jpg&q=80,images/Canyon/Inflite_CFR_Team/canyon-inlite-cfr-pdp-enhanced-02.jpg,https://www.canyon.com/dw/image/v2/BCML_PRD/on/demandware.static/-/Library-Sites-canyon-shared/default/dwbbaff306/images/customer-service/road-bikes/Unboxing-inflite-my24-cfr.jpg?sw=1080,images/Canyon/Inflite_CFR_Team/Unboxing-inflite-my24-cfr.jpg,2025-07-18 10:58:29,trek_scraper
Inflite CFR,"In de bepalende momenten van hun carrire, als alles op het spel staat, kiezen onze profrenners de Inflite.",publish,product,3846,7649.0,Cyclocross,Canyon,https://www.canyon.com/nl-nl/racefietsen/cyclocross-fietsen/inflite/cfr/inflite-cfr/3846.html?dwvar_3846_pv_rahmenfarbe=R059_P31,,,Carbon (CFR),"7,5 kg",https://www.canyon.com/dw/image/v2/BCML_PRD/on/demandware.static/-/Sites-canyon-master/default/dw601d72e5/images/full/full_2025_/2024/full_2025_3846_inflite-cfr_R059-03_P31_P5.jpg?sw=448&sh=231&sm=fit&sfrm=png&q=90&bgcolor=F2F2F2,images/Canyon/Inflite_CFR/full_2025_3846_inflite-cfr_R059-03_P31_P5.jpg,https://www.canyon.com/dw/image/v2/BCML_PRD/on/demandware.static/-/Sites/default/dw919e7355/Splitit.png?sh=32,images/Canyon/Inflite_CFR/Splitit.png,https://www.canyon.com/dw/image/v2/BCML_PRD/on/demandware.static/-/Library-Sites-canyon-shared/default/dw009e47c2/images/pdp/Road/Inflite/canyon-inlite-cfr-pdp-enhanced-01.jpg?sw=513&sh=289&sm=cut&sfrm=jpg&q=80,images/Canyon/Inflite_CFR/canyon-inlite-cfr-pdp-enhanced-01.jpg,https://www.canyon.com/dw/image/v2/BCML_PRD/on/demandware.static/-/Library-Sites-canyon-shared/default/dwde1bb0fc/images/pdp/Road/Inflite/canyon-inlite-cfr-pdp-enhanced-02.jpg?sw=513&sh=289&sm=cut&sfrm=jpg&q=80,images/Canyon/Inflite_CFR/canyon-inlite-cfr-pdp-enhanced-02.jpg,https://www.canyon.com/dw/image/v2/BCML_PRD/on/demandware.static/-/Sites-canyon-master/default/dw7842e41d/images/top/3846_TOP-1/2024/3846_TOP-1_inflite-cfr_R059-02_P31_lines.jpg?sw=504&sh=504&sm=cut&sfrm=jpg&q=80,images/Canyon/Inflite_CFR/3846_TOP-1_inflite-cfr_R059-02_P31_lines.jpg,2025-07-18 10:58:29,trek_scraper
